D:\car1\IMG\center_2019_07_22_10_05_02_412.jpg,D:\car1\IMG\left_2019_07_22_10_05_02_412.jpg,D:\car1\IMG\right_2019_07_22_10_05_02_412.jpg,0,0,0,0.0002245496
D:\car1\IMG\center_2019_07_22_10_05_02_493.jpg,D:\car1\IMG\left_2019_07_22_10_05_02_493.jpg,D:\car1\IMG\right_2019_07_22_10_05_02_493.jpg,0,0,0,5.010183E-05
D:\car1\IMG\center_2019_07_22_10_05_02_569.jpg,D:\car1\IMG\left_2019_07_22_10_05_02_569.jpg,D:\car1\IMG\right_2019_07_22_10_05_02_569.jpg,0,0,0,5.034581E-05
D:\car1\IMG\center_2019_07_22_10_05_02_644.jpg,D:\car1\IMG\left_2019_07_22_10_05_02_644.jpg,D:\car1\IMG\right_2019_07_22_10_05_02_644.jpg,0,0,0,4.645201E-05
D:\car1\IMG\center_2019_07_22_10_05_02_711.jpg,D:\car1\IMG\left_2019_07_22_10_05_02_711.jpg,D:\car1\IMG\right_2019_07_22_10_05_02_711.jpg,0,0,0,2.164275E-05
D:\car1\IMG\center_2019_07_22_10_05_02_781.jpg,D:\car1\IMG\left_2019_07_22_10_05_02_781.jpg,D:\car1\IMG\right_2019_07_22_10_05_02_781.jpg,0,0,0,7.65167E-05
D:\car1\IMG\center_2019_07_22_10_05_02_853.jpg,D:\car1\IMG\left_2019_07_22_10_05_02_853.jpg,D:\car1\IMG\right_2019_07_22_10_05_02_853.jpg,0,0,0,8.971925E-05
D:\car1\IMG\center_2019_07_22_10_05_02_923.jpg,D:\car1\IMG\left_2019_07_22_10_05_02_923.jpg,D:\car1\IMG\right_2019_07_22_10_05_02_923.jpg,0,0,0,0.0001057203
D:\car1\IMG\center_2019_07_22_10_05_03_075.jpg,D:\car1\IMG\left_2019_07_22_10_05_03_075.jpg,D:\car1\IMG\right_2019_07_22_10_05_03_075.jpg,0,0,0,0.0001273113
D:\car1\IMG\center_2019_07_22_10_05_03_168.jpg,D:\car1\IMG\left_2019_07_22_10_05_03_168.jpg,D:\car1\IMG\right_2019_07_22_10_05_03_168.jpg,0,0,0,0.0002676284
D:\car1\IMG\center_2019_07_22_10_05_03_266.jpg,D:\car1\IMG\left_2019_07_22_10_05_03_266.jpg,D:\car1\IMG\right_2019_07_22_10_05_03_266.jpg,0,0,0,4.744869E-05
D:\car1\IMG\center_2019_07_22_10_05_03_400.jpg,D:\car1\IMG\left_2019_07_22_10_05_03_400.jpg,D:\car1\IMG\right_2019_07_22_10_05_03_400.jpg,0,0,0,1.003878E-05
D:\car1\IMG\center_2019_07_22_10_05_03_479.jpg,D:\car1\IMG\left_2019_07_22_10_05_03_479.jpg,D:\car1\IMG\right_2019_07_22_10_05_03_479.jpg,0,0,0,9.597436E-05
D:\car1\IMG\center_2019_07_22_10_05_03_554.jpg,D:\car1\IMG\left_2019_07_22_10_05_03_554.jpg,D:\car1\IMG\right_2019_07_22_10_05_03_554.jpg,0,0,0,0.0001156005
D:\car1\IMG\center_2019_07_22_10_05_03_636.jpg,D:\car1\IMG\left_2019_07_22_10_05_03_636.jpg,D:\car1\IMG\right_2019_07_22_10_05_03_636.jpg,0,0.2163935,0,0.1753992
D:\car1\IMG\center_2019_07_22_10_05_03_739.jpg,D:\car1\IMG\left_2019_07_22_10_05_03_739.jpg,D:\car1\IMG\right_2019_07_22_10_05_03_739.jpg,0,0.5460466,0,0.9019586
D:\car1\IMG\center_2019_07_22_10_05_03_873.jpg,D:\car1\IMG\left_2019_07_22_10_05_03_873.jpg,D:\car1\IMG\right_2019_07_22_10_05_03_873.jpg,0,0.8873532,0,1.799211
D:\car1\IMG\center_2019_07_22_10_05_03_942.jpg,D:\car1\IMG\left_2019_07_22_10_05_03_942.jpg,D:\car1\IMG\right_2019_07_22_10_05_03_942.jpg,0,1,0,2.680748
D:\car1\IMG\center_2019_07_22_10_05_03_991.jpg,D:\car1\IMG\left_2019_07_22_10_05_03_991.jpg,D:\car1\IMG\right_2019_07_22_10_05_03_991.jpg,0,1,0,3.37672
D:\car1\IMG\center_2019_07_22_10_05_04_061.jpg,D:\car1\IMG\left_2019_07_22_10_05_04_061.jpg,D:\car1\IMG\right_2019_07_22_10_05_04_061.jpg,0,1,0,4.316379
D:\car1\IMG\center_2019_07_22_10_05_04_136.jpg,D:\car1\IMG\left_2019_07_22_10_05_04_136.jpg,D:\car1\IMG\right_2019_07_22_10_05_04_136.jpg,0,1,0,5.247273
D:\car1\IMG\center_2019_07_22_10_05_04_224.jpg,D:\car1\IMG\left_2019_07_22_10_05_04_224.jpg,D:\car1\IMG\right_2019_07_22_10_05_04_224.jpg,0,1,0,6.17118
D:\car1\IMG\center_2019_07_22_10_05_04_291.jpg,D:\car1\IMG\left_2019_07_22_10_05_04_291.jpg,D:\car1\IMG\right_2019_07_22_10_05_04_291.jpg,0,1,0,7.087785
D:\car1\IMG\center_2019_07_22_10_05_04_392.jpg,D:\car1\IMG\left_2019_07_22_10_05_04_392.jpg,D:\car1\IMG\right_2019_07_22_10_05_04_392.jpg,0,1,0,8.223502
D:\car1\IMG\center_2019_07_22_10_05_04_619.jpg,D:\car1\IMG\left_2019_07_22_10_05_04_619.jpg,D:\car1\IMG\right_2019_07_22_10_05_04_619.jpg,0,1,0,10.68363
D:\car1\IMG\center_2019_07_22_10_05_04_700.jpg,D:\car1\IMG\left_2019_07_22_10_05_04_700.jpg,D:\car1\IMG\right_2019_07_22_10_05_04_700.jpg,0,1,0,11.66322
D:\car1\IMG\center_2019_07_22_10_05_04_767.jpg,D:\car1\IMG\left_2019_07_22_10_05_04_767.jpg,D:\car1\IMG\right_2019_07_22_10_05_04_767.jpg,0,1,0,11.97174
D:\car1\IMG\center_2019_07_22_10_05_04_838.jpg,D:\car1\IMG\left_2019_07_22_10_05_04_838.jpg,D:\car1\IMG\right_2019_07_22_10_05_04_838.jpg,0,1,0,13.1182
D:\car1\IMG\center_2019_07_22_10_05_04_952.jpg,D:\car1\IMG\left_2019_07_22_10_05_04_952.jpg,D:\car1\IMG\right_2019_07_22_10_05_04_952.jpg,0,1,0,14.24819
D:\car1\IMG\center_2019_07_22_10_05_05_084.jpg,D:\car1\IMG\left_2019_07_22_10_05_05_084.jpg,D:\car1\IMG\right_2019_07_22_10_05_05_084.jpg,0,1,0,15.56403
D:\car1\IMG\center_2019_07_22_10_05_05_181.jpg,D:\car1\IMG\left_2019_07_22_10_05_05_181.jpg,D:\car1\IMG\right_2019_07_22_10_05_05_181.jpg,0,1,0,16.81776
D:\car1\IMG\center_2019_07_22_10_05_05_320.jpg,D:\car1\IMG\left_2019_07_22_10_05_05_320.jpg,D:\car1\IMG\right_2019_07_22_10_05_05_320.jpg,0,1,0,18.07242
D:\car1\IMG\center_2019_07_22_10_05_05_395.jpg,D:\car1\IMG\left_2019_07_22_10_05_05_395.jpg,D:\car1\IMG\right_2019_07_22_10_05_05_395.jpg,0,1,0,18.91319
D:\car1\IMG\center_2019_07_22_10_05_05_490.jpg,D:\car1\IMG\left_2019_07_22_10_05_05_490.jpg,D:\car1\IMG\right_2019_07_22_10_05_05_490.jpg,0,1,0,19.74504
D:\car1\IMG\center_2019_07_22_10_05_05_597.jpg,D:\car1\IMG\left_2019_07_22_10_05_05_597.jpg,D:\car1\IMG\right_2019_07_22_10_05_05_597.jpg,0,1,0,20.9793
D:\car1\IMG\center_2019_07_22_10_05_05_703.jpg,D:\car1\IMG\left_2019_07_22_10_05_05_703.jpg,D:\car1\IMG\right_2019_07_22_10_05_05_703.jpg,0,1,0,22.03921
D:\car1\IMG\center_2019_07_22_10_05_05_798.jpg,D:\car1\IMG\left_2019_07_22_10_05_05_798.jpg,D:\car1\IMG\right_2019_07_22_10_05_05_798.jpg,0,1,0,22.99471
D:\car1\IMG\center_2019_07_22_10_05_05_901.jpg,D:\car1\IMG\left_2019_07_22_10_05_05_901.jpg,D:\car1\IMG\right_2019_07_22_10_05_05_901.jpg,0,1,0,23.98409
D:\car1\IMG\center_2019_07_22_10_05_06_005.jpg,D:\car1\IMG\left_2019_07_22_10_05_06_005.jpg,D:\car1\IMG\right_2019_07_22_10_05_06_005.jpg,0,1,0,24.94831
D:\car1\IMG\center_2019_07_22_10_05_06_100.jpg,D:\car1\IMG\left_2019_07_22_10_05_06_100.jpg,D:\car1\IMG\right_2019_07_22_10_05_06_100.jpg,0,1,0,25.90585
D:\car1\IMG\center_2019_07_22_10_05_06_205.jpg,D:\car1\IMG\left_2019_07_22_10_05_06_205.jpg,D:\car1\IMG\right_2019_07_22_10_05_06_205.jpg,0,1,0,26.85373
D:\car1\IMG\center_2019_07_22_10_05_06_305.jpg,D:\car1\IMG\left_2019_07_22_10_05_06_305.jpg,D:\car1\IMG\right_2019_07_22_10_05_06_305.jpg,0,1,0,27.79181
D:\car1\IMG\center_2019_07_22_10_05_06_417.jpg,D:\car1\IMG\left_2019_07_22_10_05_06_417.jpg,D:\car1\IMG\right_2019_07_22_10_05_06_417.jpg,0,1,0,28.90534
D:\car1\IMG\center_2019_07_22_10_05_06_513.jpg,D:\car1\IMG\left_2019_07_22_10_05_06_513.jpg,D:\car1\IMG\right_2019_07_22_10_05_06_513.jpg,0,1,0,29.82285
D:\car1\IMG\center_2019_07_22_10_05_06_582.jpg,D:\car1\IMG\left_2019_07_22_10_05_06_582.jpg,D:\car1\IMG\right_2019_07_22_10_05_06_582.jpg,0,1,0,30.19253
D:\car1\IMG\center_2019_07_22_10_05_06_706.jpg,D:\car1\IMG\left_2019_07_22_10_05_06_706.jpg,D:\car1\IMG\right_2019_07_22_10_05_06_706.jpg,0,1,0,30.19028
D:\car1\IMG\center_2019_07_22_10_05_06_826.jpg,D:\car1\IMG\left_2019_07_22_10_05_06_826.jpg,D:\car1\IMG\right_2019_07_22_10_05_06_826.jpg,0,1,0,30.19017
D:\car1\IMG\center_2019_07_22_10_05_06_937.jpg,D:\car1\IMG\left_2019_07_22_10_05_06_937.jpg,D:\car1\IMG\right_2019_07_22_10_05_06_937.jpg,0,1,0,30.19015
D:\car1\IMG\center_2019_07_22_10_05_07_019.jpg,D:\car1\IMG\left_2019_07_22_10_05_07_019.jpg,D:\car1\IMG\right_2019_07_22_10_05_07_019.jpg,0,1,0,30.19027
D:\car1\IMG\center_2019_07_22_10_05_07_104.jpg,D:\car1\IMG\left_2019_07_22_10_05_07_104.jpg,D:\car1\IMG\right_2019_07_22_10_05_07_104.jpg,0,1,0,30.19031
D:\car1\IMG\center_2019_07_22_10_05_07_180.jpg,D:\car1\IMG\left_2019_07_22_10_05_07_180.jpg,D:\car1\IMG\right_2019_07_22_10_05_07_180.jpg,0,1,0,30.19025
D:\car1\IMG\center_2019_07_22_10_05_07_263.jpg,D:\car1\IMG\left_2019_07_22_10_05_07_263.jpg,D:\car1\IMG\right_2019_07_22_10_05_07_263.jpg,0,1,0,30.19026
D:\car1\IMG\center_2019_07_22_10_05_07_358.jpg,D:\car1\IMG\left_2019_07_22_10_05_07_358.jpg,D:\car1\IMG\right_2019_07_22_10_05_07_358.jpg,0,0.7136619,0,30.10771
D:\car1\IMG\center_2019_07_22_10_05_07_465.jpg,D:\car1\IMG\left_2019_07_22_10_05_07_465.jpg,D:\car1\IMG\right_2019_07_22_10_05_07_465.jpg,0,0.398167,0,30.02574
D:\car1\IMG\center_2019_07_22_10_05_07_540.jpg,D:\car1\IMG\left_2019_07_22_10_05_07_540.jpg,D:\car1\IMG\right_2019_07_22_10_05_07_540.jpg,0,0.1746112,0,29.92942
D:\car1\IMG\center_2019_07_22_10_05_07_614.jpg,D:\car1\IMG\left_2019_07_22_10_05_07_614.jpg,D:\car1\IMG\right_2019_07_22_10_05_07_614.jpg,0,0,0,29.45751
D:\car1\IMG\center_2019_07_22_10_05_07_700.jpg,D:\car1\IMG\left_2019_07_22_10_05_07_700.jpg,D:\car1\IMG\right_2019_07_22_10_05_07_700.jpg,0,0,0,29.11346
D:\car1\IMG\center_2019_07_22_10_05_07_804.jpg,D:\car1\IMG\left_2019_07_22_10_05_07_804.jpg,D:\car1\IMG\right_2019_07_22_10_05_07_804.jpg,0,0,0,27.50019
D:\car1\IMG\center_2019_07_22_10_05_07_943.jpg,D:\car1\IMG\left_2019_07_22_10_05_07_943.jpg,D:\car1\IMG\right_2019_07_22_10_05_07_943.jpg,0,0,0,26.28586
D:\car1\IMG\center_2019_07_22_10_05_08_057.jpg,D:\car1\IMG\left_2019_07_22_10_05_08_057.jpg,D:\car1\IMG\right_2019_07_22_10_05_08_057.jpg,0.2,0,0,24.87333
D:\car1\IMG\center_2019_07_22_10_05_08_174.jpg,D:\car1\IMG\left_2019_07_22_10_05_08_174.jpg,D:\car1\IMG\right_2019_07_22_10_05_08_174.jpg,0.5000001,0,0,23.65193
D:\car1\IMG\center_2019_07_22_10_05_08_296.jpg,D:\car1\IMG\left_2019_07_22_10_05_08_296.jpg,D:\car1\IMG\right_2019_07_22_10_05_08_296.jpg,0.8000001,0,0,22.48377
D:\car1\IMG\center_2019_07_22_10_05_08_416.jpg,D:\car1\IMG\left_2019_07_22_10_05_08_416.jpg,D:\car1\IMG\right_2019_07_22_10_05_08_416.jpg,1,0,0,21.10418
D:\car1\IMG\center_2019_07_22_10_05_08_526.jpg,D:\car1\IMG\left_2019_07_22_10_05_08_526.jpg,D:\car1\IMG\right_2019_07_22_10_05_08_526.jpg,1,0,0,20.04872
D:\car1\IMG\center_2019_07_22_10_05_08_659.jpg,D:\car1\IMG\left_2019_07_22_10_05_08_659.jpg,D:\car1\IMG\right_2019_07_22_10_05_08_659.jpg,0,0,0,18.90672
D:\car1\IMG\center_2019_07_22_10_05_08_758.jpg,D:\car1\IMG\left_2019_07_22_10_05_08_758.jpg,D:\car1\IMG\right_2019_07_22_10_05_08_758.jpg,0,0,0,17.96993
D:\car1\IMG\center_2019_07_22_10_05_08_843.jpg,D:\car1\IMG\left_2019_07_22_10_05_08_843.jpg,D:\car1\IMG\right_2019_07_22_10_05_08_843.jpg,0,0,0,17.30935
D:\car1\IMG\center_2019_07_22_10_05_08_953.jpg,D:\car1\IMG\left_2019_07_22_10_05_08_953.jpg,D:\car1\IMG\right_2019_07_22_10_05_08_953.jpg,0,0,0,16.9286
D:\car1\IMG\center_2019_07_22_10_05_09_075.jpg,D:\car1\IMG\left_2019_07_22_10_05_09_075.jpg,D:\car1\IMG\right_2019_07_22_10_05_09_075.jpg,0,0,0,16.02933
D:\car1\IMG\center_2019_07_22_10_05_09_204.jpg,D:\car1\IMG\left_2019_07_22_10_05_09_204.jpg,D:\car1\IMG\right_2019_07_22_10_05_09_204.jpg,0,0,0,15.19944
D:\car1\IMG\center_2019_07_22_10_05_09_322.jpg,D:\car1\IMG\left_2019_07_22_10_05_09_322.jpg,D:\car1\IMG\right_2019_07_22_10_05_09_322.jpg,0,0.1775676,0,14.10187
D:\car1\IMG\center_2019_07_22_10_05_09_381.jpg,D:\car1\IMG\left_2019_07_22_10_05_09_381.jpg,D:\car1\IMG\right_2019_07_22_10_05_09_381.jpg,0,0.4035203,0,13.88118
D:\car1\IMG\center_2019_07_22_10_05_09_472.jpg,D:\car1\IMG\left_2019_07_22_10_05_09_472.jpg,D:\car1\IMG\right_2019_07_22_10_05_09_472.jpg,0,0.6572977,0,13.57466
D:\car1\IMG\center_2019_07_22_10_05_09_587.jpg,D:\car1\IMG\left_2019_07_22_10_05_09_587.jpg,D:\car1\IMG\right_2019_07_22_10_05_09_587.jpg,0,1,0,13.68148
D:\car1\IMG\center_2019_07_22_10_05_09_655.jpg,D:\car1\IMG\left_2019_07_22_10_05_09_655.jpg,D:\car1\IMG\right_2019_07_22_10_05_09_655.jpg,0,1,0,13.70742
D:\car1\IMG\center_2019_07_22_10_05_09_781.jpg,D:\car1\IMG\left_2019_07_22_10_05_09_781.jpg,D:\car1\IMG\right_2019_07_22_10_05_09_781.jpg,0,1,0,14.08247
D:\car1\IMG\center_2019_07_22_10_05_09_827.jpg,D:\car1\IMG\left_2019_07_22_10_05_09_827.jpg,D:\car1\IMG\right_2019_07_22_10_05_09_827.jpg,0,1,0,14.34544
D:\car1\IMG\center_2019_07_22_10_05_09_880.jpg,D:\car1\IMG\left_2019_07_22_10_05_09_880.jpg,D:\car1\IMG\right_2019_07_22_10_05_09_880.jpg,0,1,0,14.88543
D:\car1\IMG\center_2019_07_22_10_05_10_004.jpg,D:\car1\IMG\left_2019_07_22_10_05_10_004.jpg,D:\car1\IMG\right_2019_07_22_10_05_10_004.jpg,0,1,0,14.66249
D:\car1\IMG\center_2019_07_22_10_05_10_120.jpg,D:\car1\IMG\left_2019_07_22_10_05_10_120.jpg,D:\car1\IMG\right_2019_07_22_10_05_10_120.jpg,0,1,0,14.9073
D:\car1\IMG\center_2019_07_22_10_05_10_235.jpg,D:\car1\IMG\left_2019_07_22_10_05_10_235.jpg,D:\car1\IMG\right_2019_07_22_10_05_10_235.jpg,0,0.6560608,0,16.33473
D:\car1\IMG\center_2019_07_22_10_05_10_345.jpg,D:\car1\IMG\left_2019_07_22_10_05_10_345.jpg,D:\car1\IMG\right_2019_07_22_10_05_10_345.jpg,0,0.3312061,0,16.91765
D:\car1\IMG\center_2019_07_22_10_05_10_447.jpg,D:\car1\IMG\left_2019_07_22_10_05_10_447.jpg,D:\car1\IMG\right_2019_07_22_10_05_10_447.jpg,0,0,0,16.91624
D:\car1\IMG\center_2019_07_22_10_05_10_552.jpg,D:\car1\IMG\left_2019_07_22_10_05_10_552.jpg,D:\car1\IMG\right_2019_07_22_10_05_10_552.jpg,0,0,0,16.76007
D:\car1\IMG\center_2019_07_22_10_05_10_659.jpg,D:\car1\IMG\left_2019_07_22_10_05_10_659.jpg,D:\car1\IMG\right_2019_07_22_10_05_10_659.jpg,0,0,0,16.65251
D:\car1\IMG\center_2019_07_22_10_05_10_763.jpg,D:\car1\IMG\left_2019_07_22_10_05_10_763.jpg,D:\car1\IMG\right_2019_07_22_10_05_10_763.jpg,0,0,0,16.39832
D:\car1\IMG\center_2019_07_22_10_05_10_853.jpg,D:\car1\IMG\left_2019_07_22_10_05_10_853.jpg,D:\car1\IMG\right_2019_07_22_10_05_10_853.jpg,0,0,0,16.19484
D:\car1\IMG\center_2019_07_22_10_05_10_948.jpg,D:\car1\IMG\left_2019_07_22_10_05_10_948.jpg,D:\car1\IMG\right_2019_07_22_10_05_10_948.jpg,0,0,0,16.02991
D:\car1\IMG\center_2019_07_22_10_05_11_054.jpg,D:\car1\IMG\left_2019_07_22_10_05_11_054.jpg,D:\car1\IMG\right_2019_07_22_10_05_11_054.jpg,0,0,0,15.80938
D:\car1\IMG\center_2019_07_22_10_05_11_162.jpg,D:\car1\IMG\left_2019_07_22_10_05_11_162.jpg,D:\car1\IMG\right_2019_07_22_10_05_11_162.jpg,0,0.3056967,0,15.87551
D:\car1\IMG\center_2019_07_22_10_05_11_251.jpg,D:\car1\IMG\left_2019_07_22_10_05_11_251.jpg,D:\car1\IMG\right_2019_07_22_10_05_11_251.jpg,0,0.5691273,0,16.26044
D:\car1\IMG\center_2019_07_22_10_05_11_349.jpg,D:\car1\IMG\left_2019_07_22_10_05_11_349.jpg,D:\car1\IMG\right_2019_07_22_10_05_11_349.jpg,0,0.883238,0,17.05635
D:\car1\IMG\center_2019_07_22_10_05_11_449.jpg,D:\car1\IMG\left_2019_07_22_10_05_11_449.jpg,D:\car1\IMG\right_2019_07_22_10_05_11_449.jpg,0,1,0,18.08405
D:\car1\IMG\center_2019_07_22_10_05_11_548.jpg,D:\car1\IMG\left_2019_07_22_10_05_11_548.jpg,D:\car1\IMG\right_2019_07_22_10_05_11_548.jpg,0,1,0,19.11763
D:\car1\IMG\center_2019_07_22_10_05_11_644.jpg,D:\car1\IMG\left_2019_07_22_10_05_11_644.jpg,D:\car1\IMG\right_2019_07_22_10_05_11_644.jpg,0,0.8451371,0,20.05462
D:\car1\IMG\center_2019_07_22_10_05_11_743.jpg,D:\car1\IMG\left_2019_07_22_10_05_11_743.jpg,D:\car1\IMG\right_2019_07_22_10_05_11_743.jpg,0,0.5392456,0,20.62619
D:\car1\IMG\center_2019_07_22_10_05_11_840.jpg,D:\car1\IMG\left_2019_07_22_10_05_11_840.jpg,D:\car1\IMG\right_2019_07_22_10_05_11_840.jpg,0,0.2579018,0,20.88103
D:\car1\IMG\center_2019_07_22_10_05_11_937.jpg,D:\car1\IMG\left_2019_07_22_10_05_11_937.jpg,D:\car1\IMG\right_2019_07_22_10_05_11_937.jpg,0,0,0,20.7047
D:\car1\IMG\center_2019_07_22_10_05_12_060.jpg,D:\car1\IMG\left_2019_07_22_10_05_12_060.jpg,D:\car1\IMG\right_2019_07_22_10_05_12_060.jpg,0,0,0,20.45452
D:\car1\IMG\center_2019_07_22_10_05_12_123.jpg,D:\car1\IMG\left_2019_07_22_10_05_12_123.jpg,D:\car1\IMG\right_2019_07_22_10_05_12_123.jpg,0.15,0,0,20.32121
D:\car1\IMG\center_2019_07_22_10_05_12_235.jpg,D:\car1\IMG\left_2019_07_22_10_05_12_235.jpg,D:\car1\IMG\right_2019_07_22_10_05_12_235.jpg,0.45,0,0,19.97409
D:\car1\IMG\center_2019_07_22_10_05_12_327.jpg,D:\car1\IMG\left_2019_07_22_10_05_12_327.jpg,D:\car1\IMG\right_2019_07_22_10_05_12_327.jpg,0.6500001,0,0,19.6817
D:\car1\IMG\center_2019_07_22_10_05_12_428.jpg,D:\car1\IMG\left_2019_07_22_10_05_12_428.jpg,D:\car1\IMG\right_2019_07_22_10_05_12_428.jpg,0.9000002,0,0,19.2051
D:\car1\IMG\center_2019_07_22_10_05_12_529.jpg,D:\car1\IMG\left_2019_07_22_10_05_12_529.jpg,D:\car1\IMG\right_2019_07_22_10_05_12_529.jpg,1,0,0,18.80445
D:\car1\IMG\center_2019_07_22_10_05_12_642.jpg,D:\car1\IMG\left_2019_07_22_10_05_12_642.jpg,D:\car1\IMG\right_2019_07_22_10_05_12_642.jpg,1,0,0,18.41747
D:\car1\IMG\center_2019_07_22_10_05_12_778.jpg,D:\car1\IMG\left_2019_07_22_10_05_12_778.jpg,D:\car1\IMG\right_2019_07_22_10_05_12_778.jpg,0,0,0,17.81533
D:\car1\IMG\center_2019_07_22_10_05_12_910.jpg,D:\car1\IMG\left_2019_07_22_10_05_12_910.jpg,D:\car1\IMG\right_2019_07_22_10_05_12_910.jpg,0,0,0,17.54244
D:\car1\IMG\center_2019_07_22_10_05_12_988.jpg,D:\car1\IMG\left_2019_07_22_10_05_12_988.jpg,D:\car1\IMG\right_2019_07_22_10_05_12_988.jpg,0,0,0,17.39826
D:\car1\IMG\center_2019_07_22_10_05_13_078.jpg,D:\car1\IMG\left_2019_07_22_10_05_13_078.jpg,D:\car1\IMG\right_2019_07_22_10_05_13_078.jpg,0,0,0,17.31013
D:\car1\IMG\center_2019_07_22_10_05_13_197.jpg,D:\car1\IMG\left_2019_07_22_10_05_13_197.jpg,D:\car1\IMG\right_2019_07_22_10_05_13_197.jpg,0,0,0,17.06592
D:\car1\IMG\center_2019_07_22_10_05_13_309.jpg,D:\car1\IMG\left_2019_07_22_10_05_13_309.jpg,D:\car1\IMG\right_2019_07_22_10_05_13_309.jpg,0,0,0,16.87913
D:\car1\IMG\center_2019_07_22_10_05_13_418.jpg,D:\car1\IMG\left_2019_07_22_10_05_13_418.jpg,D:\car1\IMG\right_2019_07_22_10_05_13_418.jpg,0.15,0,0,16.66492
D:\car1\IMG\center_2019_07_22_10_05_13_522.jpg,D:\car1\IMG\left_2019_07_22_10_05_13_522.jpg,D:\car1\IMG\right_2019_07_22_10_05_13_522.jpg,0.4,0,0,16.43835
D:\car1\IMG\center_2019_07_22_10_05_13_636.jpg,D:\car1\IMG\left_2019_07_22_10_05_13_636.jpg,D:\car1\IMG\right_2019_07_22_10_05_13_636.jpg,0.7,0,0,16.08525
D:\car1\IMG\center_2019_07_22_10_05_13_720.jpg,D:\car1\IMG\left_2019_07_22_10_05_13_720.jpg,D:\car1\IMG\right_2019_07_22_10_05_13_720.jpg,0.8500001,0,0,15.84367
D:\car1\IMG\center_2019_07_22_10_05_13_857.jpg,D:\car1\IMG\left_2019_07_22_10_05_13_857.jpg,D:\car1\IMG\right_2019_07_22_10_05_13_857.jpg,1,0,0,15.3661
D:\car1\IMG\center_2019_07_22_10_05_13_994.jpg,D:\car1\IMG\left_2019_07_22_10_05_13_994.jpg,D:\car1\IMG\right_2019_07_22_10_05_13_994.jpg,1,0,0,15.01001
D:\car1\IMG\center_2019_07_22_10_05_14_062.jpg,D:\car1\IMG\left_2019_07_22_10_05_14_062.jpg,D:\car1\IMG\right_2019_07_22_10_05_14_062.jpg,0,0,0,14.84872
D:\car1\IMG\center_2019_07_22_10_05_14_124.jpg,D:\car1\IMG\left_2019_07_22_10_05_14_124.jpg,D:\car1\IMG\right_2019_07_22_10_05_14_124.jpg,0,0,0,14.62373
D:\car1\IMG\center_2019_07_22_10_05_14_275.jpg,D:\car1\IMG\left_2019_07_22_10_05_14_275.jpg,D:\car1\IMG\right_2019_07_22_10_05_14_275.jpg,0,0,0,14.34243
D:\car1\IMG\center_2019_07_22_10_05_14_350.jpg,D:\car1\IMG\left_2019_07_22_10_05_14_350.jpg,D:\car1\IMG\right_2019_07_22_10_05_14_350.jpg,0,0,0,14.18315
D:\car1\IMG\center_2019_07_22_10_05_14_446.jpg,D:\car1\IMG\left_2019_07_22_10_05_14_446.jpg,D:\car1\IMG\right_2019_07_22_10_05_14_446.jpg,0,0,0,14.06492
D:\car1\IMG\center_2019_07_22_10_05_14_524.jpg,D:\car1\IMG\left_2019_07_22_10_05_14_524.jpg,D:\car1\IMG\right_2019_07_22_10_05_14_524.jpg,0,0,0,13.95242
D:\car1\IMG\center_2019_07_22_10_05_14_645.jpg,D:\car1\IMG\left_2019_07_22_10_05_14_645.jpg,D:\car1\IMG\right_2019_07_22_10_05_14_645.jpg,0,0,0,13.78732
D:\car1\IMG\center_2019_07_22_10_05_14_736.jpg,D:\car1\IMG\left_2019_07_22_10_05_14_736.jpg,D:\car1\IMG\right_2019_07_22_10_05_14_736.jpg,0,0.1259723,0,13.67457
D:\car1\IMG\center_2019_07_22_10_05_14_837.jpg,D:\car1\IMG\left_2019_07_22_10_05_14_837.jpg,D:\car1\IMG\right_2019_07_22_10_05_14_837.jpg,0,0.4324755,0,14.07481
D:\car1\IMG\center_2019_07_22_10_05_14_930.jpg,D:\car1\IMG\left_2019_07_22_10_05_14_930.jpg,D:\car1\IMG\right_2019_07_22_10_05_14_930.jpg,0,0.7543579,0,14.7197
D:\car1\IMG\center_2019_07_22_10_05_15_036.jpg,D:\car1\IMG\left_2019_07_22_10_05_15_036.jpg,D:\car1\IMG\right_2019_07_22_10_05_15_036.jpg,0,1,0,15.8114
D:\car1\IMG\center_2019_07_22_10_05_15_152.jpg,D:\car1\IMG\left_2019_07_22_10_05_15_152.jpg,D:\car1\IMG\right_2019_07_22_10_05_15_152.jpg,0,0.6538191,0,16.60592
D:\car1\IMG\center_2019_07_22_10_05_15_262.jpg,D:\car1\IMG\left_2019_07_22_10_05_15_262.jpg,D:\car1\IMG\right_2019_07_22_10_05_15_262.jpg,0,0.327408,0,17.0128
D:\car1\IMG\center_2019_07_22_10_05_15_335.jpg,D:\car1\IMG\left_2019_07_22_10_05_15_335.jpg,D:\car1\IMG\right_2019_07_22_10_05_15_335.jpg,0.2,0.1092508,0,16.97137
D:\car1\IMG\center_2019_07_22_10_05_15_426.jpg,D:\car1\IMG\left_2019_07_22_10_05_15_426.jpg,D:\car1\IMG\right_2019_07_22_10_05_15_426.jpg,0.4,0,0,16.78014
D:\car1\IMG\center_2019_07_22_10_05_15_554.jpg,D:\car1\IMG\left_2019_07_22_10_05_15_554.jpg,D:\car1\IMG\right_2019_07_22_10_05_15_554.jpg,0.7500002,0,0,16.43047
D:\car1\IMG\center_2019_07_22_10_05_15_689.jpg,D:\car1\IMG\left_2019_07_22_10_05_15_689.jpg,D:\car1\IMG\right_2019_07_22_10_05_15_689.jpg,1,0,0,15.98411
D:\car1\IMG\center_2019_07_22_10_05_15_800.jpg,D:\car1\IMG\left_2019_07_22_10_05_15_800.jpg,D:\car1\IMG\right_2019_07_22_10_05_15_800.jpg,1,0,0,15.7291
D:\car1\IMG\center_2019_07_22_10_05_15_887.jpg,D:\car1\IMG\left_2019_07_22_10_05_15_887.jpg,D:\car1\IMG\right_2019_07_22_10_05_15_887.jpg,0,0,0,15.22235
D:\car1\IMG\center_2019_07_22_10_05_15_959.jpg,D:\car1\IMG\left_2019_07_22_10_05_15_959.jpg,D:\car1\IMG\right_2019_07_22_10_05_15_959.jpg,0,0,0,15.00937
D:\car1\IMG\center_2019_07_22_10_05_16_099.jpg,D:\car1\IMG\left_2019_07_22_10_05_16_099.jpg,D:\car1\IMG\right_2019_07_22_10_05_16_099.jpg,0,0,0,14.86106
D:\car1\IMG\center_2019_07_22_10_05_16_152.jpg,D:\car1\IMG\left_2019_07_22_10_05_16_152.jpg,D:\car1\IMG\right_2019_07_22_10_05_16_152.jpg,0,0,0,14.69472
D:\car1\IMG\center_2019_07_22_10_05_16_231.jpg,D:\car1\IMG\left_2019_07_22_10_05_16_231.jpg,D:\car1\IMG\right_2019_07_22_10_05_16_231.jpg,0,0,0,14.57799
D:\car1\IMG\center_2019_07_22_10_05_16_302.jpg,D:\car1\IMG\left_2019_07_22_10_05_16_302.jpg,D:\car1\IMG\right_2019_07_22_10_05_16_302.jpg,0,0.2300986,0,14.54764
D:\car1\IMG\center_2019_07_22_10_05_16_412.jpg,D:\car1\IMG\left_2019_07_22_10_05_16_412.jpg,D:\car1\IMG\right_2019_07_22_10_05_16_412.jpg,0,0.5227596,0,15.12949
D:\car1\IMG\center_2019_07_22_10_05_16_503.jpg,D:\car1\IMG\left_2019_07_22_10_05_16_503.jpg,D:\car1\IMG\right_2019_07_22_10_05_16_503.jpg,0,0.7477348,0,15.48904
D:\car1\IMG\center_2019_07_22_10_05_16_566.jpg,D:\car1\IMG\left_2019_07_22_10_05_16_566.jpg,D:\car1\IMG\right_2019_07_22_10_05_16_566.jpg,0,0.4877839,0,16.06767
D:\car1\IMG\center_2019_07_22_10_05_16_623.jpg,D:\car1\IMG\left_2019_07_22_10_05_16_623.jpg,D:\car1\IMG\right_2019_07_22_10_05_16_623.jpg,0,0.2738349,0,16.10209
D:\car1\IMG\center_2019_07_22_10_05_16_744.jpg,D:\car1\IMG\left_2019_07_22_10_05_16_744.jpg,D:\car1\IMG\right_2019_07_22_10_05_16_744.jpg,0,0,0,15.97507
D:\car1\IMG\center_2019_07_22_10_05_16_872.jpg,D:\car1\IMG\left_2019_07_22_10_05_16_872.jpg,D:\car1\IMG\right_2019_07_22_10_05_16_872.jpg,0,0.356686,0,16.33173
D:\car1\IMG\center_2019_07_22_10_05_16_936.jpg,D:\car1\IMG\left_2019_07_22_10_05_16_936.jpg,D:\car1\IMG\right_2019_07_22_10_05_16_936.jpg,0,0.5624623,0,16.67171
D:\car1\IMG\center_2019_07_22_10_05_17_039.jpg,D:\car1\IMG\left_2019_07_22_10_05_17_039.jpg,D:\car1\IMG\right_2019_07_22_10_05_17_039.jpg,0,0.9190701,0,17.65729
D:\car1\IMG\center_2019_07_22_10_05_17_110.jpg,D:\car1\IMG\left_2019_07_22_10_05_17_110.jpg,D:\car1\IMG\right_2019_07_22_10_05_17_110.jpg,0,1,0,18.08452
D:\car1\IMG\center_2019_07_22_10_05_17_241.jpg,D:\car1\IMG\left_2019_07_22_10_05_17_241.jpg,D:\car1\IMG\right_2019_07_22_10_05_17_241.jpg,0,1,0,18.71731
D:\car1\IMG\center_2019_07_22_10_05_17_342.jpg,D:\car1\IMG\left_2019_07_22_10_05_17_342.jpg,D:\car1\IMG\right_2019_07_22_10_05_17_342.jpg,0,1,0,19.91654
D:\car1\IMG\center_2019_07_22_10_05_17_410.jpg,D:\car1\IMG\left_2019_07_22_10_05_17_410.jpg,D:\car1\IMG\right_2019_07_22_10_05_17_410.jpg,0,1,0,20.47818
D:\car1\IMG\center_2019_07_22_10_05_17_491.jpg,D:\car1\IMG\left_2019_07_22_10_05_17_491.jpg,D:\car1\IMG\right_2019_07_22_10_05_17_491.jpg,0,1,0,21.18925
D:\car1\IMG\center_2019_07_22_10_05_17_626.jpg,D:\car1\IMG\left_2019_07_22_10_05_17_626.jpg,D:\car1\IMG\right_2019_07_22_10_05_17_626.jpg,0,1,0,22.62864
D:\car1\IMG\center_2019_07_22_10_05_17_691.jpg,D:\car1\IMG\left_2019_07_22_10_05_17_691.jpg,D:\car1\IMG\right_2019_07_22_10_05_17_691.jpg,0,1,0,23.04086
D:\car1\IMG\center_2019_07_22_10_05_17_776.jpg,D:\car1\IMG\left_2019_07_22_10_05_17_776.jpg,D:\car1\IMG\right_2019_07_22_10_05_17_776.jpg,0,1,0,23.60483
D:\car1\IMG\center_2019_07_22_10_05_17_914.jpg,D:\car1\IMG\left_2019_07_22_10_05_17_914.jpg,D:\car1\IMG\right_2019_07_22_10_05_17_914.jpg,0,1,0,24.84072
D:\car1\IMG\center_2019_07_22_10_05_18_029.jpg,D:\car1\IMG\left_2019_07_22_10_05_18_029.jpg,D:\car1\IMG\right_2019_07_22_10_05_18_029.jpg,0,1,0,26.11537
D:\car1\IMG\center_2019_07_22_10_05_18_126.jpg,D:\car1\IMG\left_2019_07_22_10_05_18_126.jpg,D:\car1\IMG\right_2019_07_22_10_05_18_126.jpg,0,1,0,27.39401
D:\car1\IMG\center_2019_07_22_10_05_18_246.jpg,D:\car1\IMG\left_2019_07_22_10_05_18_246.jpg,D:\car1\IMG\right_2019_07_22_10_05_18_246.jpg,0,1,0,28.51408
D:\car1\IMG\center_2019_07_22_10_05_18_364.jpg,D:\car1\IMG\left_2019_07_22_10_05_18_364.jpg,D:\car1\IMG\right_2019_07_22_10_05_18_364.jpg,0,1,0,29.61867
D:\car1\IMG\center_2019_07_22_10_05_18_485.jpg,D:\car1\IMG\left_2019_07_22_10_05_18_485.jpg,D:\car1\IMG\right_2019_07_22_10_05_18_485.jpg,0,1,0,30.19051
D:\car1\IMG\center_2019_07_22_10_05_18_605.jpg,D:\car1\IMG\left_2019_07_22_10_05_18_605.jpg,D:\car1\IMG\right_2019_07_22_10_05_18_605.jpg,0,1,0,30.19025
D:\car1\IMG\center_2019_07_22_10_05_18_723.jpg,D:\car1\IMG\left_2019_07_22_10_05_18_723.jpg,D:\car1\IMG\right_2019_07_22_10_05_18_723.jpg,0,1,0,30.19037
D:\car1\IMG\center_2019_07_22_10_05_18_802.jpg,D:\car1\IMG\left_2019_07_22_10_05_18_802.jpg,D:\car1\IMG\right_2019_07_22_10_05_18_802.jpg,0,1,0,30.19023
D:\car1\IMG\center_2019_07_22_10_05_18_927.jpg,D:\car1\IMG\left_2019_07_22_10_05_18_927.jpg,D:\car1\IMG\right_2019_07_22_10_05_18_927.jpg,0,1,0,30.19017
D:\car1\IMG\center_2019_07_22_10_05_19_045.jpg,D:\car1\IMG\left_2019_07_22_10_05_19_045.jpg,D:\car1\IMG\right_2019_07_22_10_05_19_045.jpg,0,1,0,30.21211
D:\car1\IMG\center_2019_07_22_10_05_19_114.jpg,D:\car1\IMG\left_2019_07_22_10_05_19_114.jpg,D:\car1\IMG\right_2019_07_22_10_05_19_114.jpg,0,1,0,30.17622
D:\car1\IMG\center_2019_07_22_10_05_19_230.jpg,D:\car1\IMG\left_2019_07_22_10_05_19_230.jpg,D:\car1\IMG\right_2019_07_22_10_05_19_230.jpg,0,1,0,29.81408
D:\car1\IMG\center_2019_07_22_10_05_19_360.jpg,D:\car1\IMG\left_2019_07_22_10_05_19_360.jpg,D:\car1\IMG\right_2019_07_22_10_05_19_360.jpg,0,1,0,30.17875
D:\car1\IMG\center_2019_07_22_10_05_19_494.jpg,D:\car1\IMG\left_2019_07_22_10_05_19_494.jpg,D:\car1\IMG\right_2019_07_22_10_05_19_494.jpg,0,1,0,30.11237
D:\car1\IMG\center_2019_07_22_10_05_19_580.jpg,D:\car1\IMG\left_2019_07_22_10_05_19_580.jpg,D:\car1\IMG\right_2019_07_22_10_05_19_580.jpg,0,1,0,29.58849
D:\car1\IMG\center_2019_07_22_10_05_19_676.jpg,D:\car1\IMG\left_2019_07_22_10_05_19_676.jpg,D:\car1\IMG\right_2019_07_22_10_05_19_676.jpg,0,0.7916954,0,29.97997
D:\car1\IMG\center_2019_07_22_10_05_19_805.jpg,D:\car1\IMG\left_2019_07_22_10_05_19_805.jpg,D:\car1\IMG\right_2019_07_22_10_05_19_805.jpg,0,0.4038285,0,29.67275
D:\car1\IMG\center_2019_07_22_10_05_19_876.jpg,D:\car1\IMG\left_2019_07_22_10_05_19_876.jpg,D:\car1\IMG\right_2019_07_22_10_05_19_876.jpg,0,0.1926694,0,29.31118
D:\car1\IMG\center_2019_07_22_10_05_19_957.jpg,D:\car1\IMG\left_2019_07_22_10_05_19_957.jpg,D:\car1\IMG\right_2019_07_22_10_05_19_957.jpg,0,0,0,28.71655
D:\car1\IMG\center_2019_07_22_10_05_20_067.jpg,D:\car1\IMG\left_2019_07_22_10_05_20_067.jpg,D:\car1\IMG\right_2019_07_22_10_05_20_067.jpg,0,0,0,27.97548
D:\car1\IMG\center_2019_07_22_10_05_20_194.jpg,D:\car1\IMG\left_2019_07_22_10_05_20_194.jpg,D:\car1\IMG\right_2019_07_22_10_05_20_194.jpg,0,0,0,26.95975
D:\car1\IMG\center_2019_07_22_10_05_20_323.jpg,D:\car1\IMG\left_2019_07_22_10_05_20_323.jpg,D:\car1\IMG\right_2019_07_22_10_05_20_323.jpg,0.15,0,0,26.11013
D:\car1\IMG\center_2019_07_22_10_05_20_438.jpg,D:\car1\IMG\left_2019_07_22_10_05_20_438.jpg,D:\car1\IMG\right_2019_07_22_10_05_20_438.jpg,0.45,0,0,25.13232
D:\car1\IMG\center_2019_07_22_10_05_20_508.jpg,D:\car1\IMG\left_2019_07_22_10_05_20_508.jpg,D:\car1\IMG\right_2019_07_22_10_05_20_508.jpg,0.6000001,0,0,24.64905
D:\car1\IMG\center_2019_07_22_10_05_20_641.jpg,D:\car1\IMG\left_2019_07_22_10_05_20_641.jpg,D:\car1\IMG\right_2019_07_22_10_05_20_641.jpg,0.9500002,0,0,23.25111
D:\car1\IMG\center_2019_07_22_10_05_20_768.jpg,D:\car1\IMG\left_2019_07_22_10_05_20_768.jpg,D:\car1\IMG\right_2019_07_22_10_05_20_768.jpg,1,0,0,22.12122
D:\car1\IMG\center_2019_07_22_10_05_20_839.jpg,D:\car1\IMG\left_2019_07_22_10_05_20_839.jpg,D:\car1\IMG\right_2019_07_22_10_05_20_839.jpg,1,0,0,21.50389
D:\car1\IMG\center_2019_07_22_10_05_20_916.jpg,D:\car1\IMG\left_2019_07_22_10_05_20_916.jpg,D:\car1\IMG\right_2019_07_22_10_05_20_916.jpg,1,0,0,20.94264
D:\car1\IMG\center_2019_07_22_10_05_21_055.jpg,D:\car1\IMG\left_2019_07_22_10_05_21_055.jpg,D:\car1\IMG\right_2019_07_22_10_05_21_055.jpg,1,0,0,20.0989
D:\car1\IMG\center_2019_07_22_10_05_21_130.jpg,D:\car1\IMG\left_2019_07_22_10_05_21_130.jpg,D:\car1\IMG\right_2019_07_22_10_05_21_130.jpg,0,0,0,19.7614
D:\car1\IMG\center_2019_07_22_10_05_21_200.jpg,D:\car1\IMG\left_2019_07_22_10_05_21_200.jpg,D:\car1\IMG\right_2019_07_22_10_05_21_200.jpg,0,0,0,19.2651
D:\car1\IMG\center_2019_07_22_10_05_21_320.jpg,D:\car1\IMG\left_2019_07_22_10_05_21_320.jpg,D:\car1\IMG\right_2019_07_22_10_05_21_320.jpg,0,0,0,18.66653
D:\car1\IMG\center_2019_07_22_10_05_21_421.jpg,D:\car1\IMG\left_2019_07_22_10_05_21_421.jpg,D:\car1\IMG\right_2019_07_22_10_05_21_421.jpg,0,0,0,18.03624
D:\car1\IMG\center_2019_07_22_10_05_21_505.jpg,D:\car1\IMG\left_2019_07_22_10_05_21_505.jpg,D:\car1\IMG\right_2019_07_22_10_05_21_505.jpg,0,0,0,17.7191
D:\car1\IMG\center_2019_07_22_10_05_21_618.jpg,D:\car1\IMG\left_2019_07_22_10_05_21_618.jpg,D:\car1\IMG\right_2019_07_22_10_05_21_618.jpg,0.3,0,0,17.19092
D:\car1\IMG\center_2019_07_22_10_05_21_689.jpg,D:\car1\IMG\left_2019_07_22_10_05_21_689.jpg,D:\car1\IMG\right_2019_07_22_10_05_21_689.jpg,0,0,0,17.241
D:\car1\IMG\center_2019_07_22_10_05_21_824.jpg,D:\car1\IMG\left_2019_07_22_10_05_21_824.jpg,D:\car1\IMG\right_2019_07_22_10_05_21_824.jpg,0,0,0,16.42588
D:\car1\IMG\center_2019_07_22_10_05_21_970.jpg,D:\car1\IMG\left_2019_07_22_10_05_21_970.jpg,D:\car1\IMG\right_2019_07_22_10_05_21_970.jpg,0.3,0,0,15.98543
D:\car1\IMG\center_2019_07_22_10_05_22_082.jpg,D:\car1\IMG\left_2019_07_22_10_05_22_082.jpg,D:\car1\IMG\right_2019_07_22_10_05_22_082.jpg,0.6500001,0,0,15.86366
D:\car1\IMG\center_2019_07_22_10_05_22_193.jpg,D:\car1\IMG\left_2019_07_22_10_05_22_193.jpg,D:\car1\IMG\right_2019_07_22_10_05_22_193.jpg,0.9500002,0,0,15.38569
D:\car1\IMG\center_2019_07_22_10_05_22_332.jpg,D:\car1\IMG\left_2019_07_22_10_05_22_332.jpg,D:\car1\IMG\right_2019_07_22_10_05_22_332.jpg,1,0,0,15.06651
D:\car1\IMG\center_2019_07_22_10_05_22_421.jpg,D:\car1\IMG\left_2019_07_22_10_05_22_421.jpg,D:\car1\IMG\right_2019_07_22_10_05_22_421.jpg,1,0,0,14.18993
D:\car1\IMG\center_2019_07_22_10_05_22_487.jpg,D:\car1\IMG\left_2019_07_22_10_05_22_487.jpg,D:\car1\IMG\right_2019_07_22_10_05_22_487.jpg,1,0,0,13.94888
D:\car1\IMG\center_2019_07_22_10_05_22_569.jpg,D:\car1\IMG\left_2019_07_22_10_05_22_569.jpg,D:\car1\IMG\right_2019_07_22_10_05_22_569.jpg,1,0,0,13.76523
D:\car1\IMG\center_2019_07_22_10_05_22_638.jpg,D:\car1\IMG\left_2019_07_22_10_05_22_638.jpg,D:\car1\IMG\right_2019_07_22_10_05_22_638.jpg,1,0,0,13.84886
D:\car1\IMG\center_2019_07_22_10_05_22_714.jpg,D:\car1\IMG\left_2019_07_22_10_05_22_714.jpg,D:\car1\IMG\right_2019_07_22_10_05_22_714.jpg,1,0,0,13.77434
D:\car1\IMG\center_2019_07_22_10_05_22_789.jpg,D:\car1\IMG\left_2019_07_22_10_05_22_789.jpg,D:\car1\IMG\right_2019_07_22_10_05_22_789.jpg,1,0,0,13.50856
D:\car1\IMG\center_2019_07_22_10_05_22_859.jpg,D:\car1\IMG\left_2019_07_22_10_05_22_859.jpg,D:\car1\IMG\right_2019_07_22_10_05_22_859.jpg,1,0,0,12.7955
D:\car1\IMG\center_2019_07_22_10_05_22_934.jpg,D:\car1\IMG\left_2019_07_22_10_05_22_934.jpg,D:\car1\IMG\right_2019_07_22_10_05_22_934.jpg,1,0,0,12.60478
D:\car1\IMG\center_2019_07_22_10_05_23_007.jpg,D:\car1\IMG\left_2019_07_22_10_05_23_007.jpg,D:\car1\IMG\right_2019_07_22_10_05_23_007.jpg,1,0,0,12.37523
D:\car1\IMG\center_2019_07_22_10_05_23_081.jpg,D:\car1\IMG\left_2019_07_22_10_05_23_081.jpg,D:\car1\IMG\right_2019_07_22_10_05_23_081.jpg,1,0,0,12.63183
D:\car1\IMG\center_2019_07_22_10_05_23_145.jpg,D:\car1\IMG\left_2019_07_22_10_05_23_145.jpg,D:\car1\IMG\right_2019_07_22_10_05_23_145.jpg,1,0,0,12.45539
D:\car1\IMG\center_2019_07_22_10_05_23_214.jpg,D:\car1\IMG\left_2019_07_22_10_05_23_214.jpg,D:\car1\IMG\right_2019_07_22_10_05_23_214.jpg,0,0,0,11.73961
D:\car1\IMG\center_2019_07_22_10_05_23_318.jpg,D:\car1\IMG\left_2019_07_22_10_05_23_318.jpg,D:\car1\IMG\right_2019_07_22_10_05_23_318.jpg,0,0,0,11.28902
D:\car1\IMG\center_2019_07_22_10_05_23_361.jpg,D:\car1\IMG\left_2019_07_22_10_05_23_361.jpg,D:\car1\IMG\right_2019_07_22_10_05_23_361.jpg,0,0,0,10.96741
D:\car1\IMG\center_2019_07_22_10_05_23_488.jpg,D:\car1\IMG\left_2019_07_22_10_05_23_488.jpg,D:\car1\IMG\right_2019_07_22_10_05_23_488.jpg,0,0,0,10.54104
D:\car1\IMG\center_2019_07_22_10_05_23_607.jpg,D:\car1\IMG\left_2019_07_22_10_05_23_607.jpg,D:\car1\IMG\right_2019_07_22_10_05_23_607.jpg,0,0,0,10.09431
D:\car1\IMG\center_2019_07_22_10_05_23_721.jpg,D:\car1\IMG\left_2019_07_22_10_05_23_721.jpg,D:\car1\IMG\right_2019_07_22_10_05_23_721.jpg,0,0,0,9.598561
D:\car1\IMG\center_2019_07_22_10_05_23_840.jpg,D:\car1\IMG\left_2019_07_22_10_05_23_840.jpg,D:\car1\IMG\right_2019_07_22_10_05_23_840.jpg,0,0,0,9.005576
D:\car1\IMG\center_2019_07_22_10_05_23_945.jpg,D:\car1\IMG\left_2019_07_22_10_05_23_945.jpg,D:\car1\IMG\right_2019_07_22_10_05_23_945.jpg,0,0.1535693,0,8.601717
D:\car1\IMG\center_2019_07_22_10_05_24_046.jpg,D:\car1\IMG\left_2019_07_22_10_05_24_046.jpg,D:\car1\IMG\right_2019_07_22_10_05_24_046.jpg,0,0.4514818,0,8.567958
D:\car1\IMG\center_2019_07_22_10_05_24_141.jpg,D:\car1\IMG\left_2019_07_22_10_05_24_141.jpg,D:\car1\IMG\right_2019_07_22_10_05_24_141.jpg,0,0.7277917,0,8.993029
D:\car1\IMG\center_2019_07_22_10_05_24_253.jpg,D:\car1\IMG\left_2019_07_22_10_05_24_253.jpg,D:\car1\IMG\right_2019_07_22_10_05_24_253.jpg,0,1,0,9.74682
D:\car1\IMG\center_2019_07_22_10_05_24_371.jpg,D:\car1\IMG\left_2019_07_22_10_05_24_371.jpg,D:\car1\IMG\right_2019_07_22_10_05_24_371.jpg,0,1,0,10.61134
D:\car1\IMG\center_2019_07_22_10_05_24_439.jpg,D:\car1\IMG\left_2019_07_22_10_05_24_439.jpg,D:\car1\IMG\right_2019_07_22_10_05_24_439.jpg,0,1,0,11.12563
D:\car1\IMG\center_2019_07_22_10_05_24_549.jpg,D:\car1\IMG\left_2019_07_22_10_05_24_549.jpg,D:\car1\IMG\right_2019_07_22_10_05_24_549.jpg,0,1,0,11.48886
D:\car1\IMG\center_2019_07_22_10_05_24_638.jpg,D:\car1\IMG\left_2019_07_22_10_05_24_638.jpg,D:\car1\IMG\right_2019_07_22_10_05_24_638.jpg,0,1,0,12.19143
D:\car1\IMG\center_2019_07_22_10_05_24_731.jpg,D:\car1\IMG\left_2019_07_22_10_05_24_731.jpg,D:\car1\IMG\right_2019_07_22_10_05_24_731.jpg,0,1,0,12.98322
D:\car1\IMG\center_2019_07_22_10_05_24_840.jpg,D:\car1\IMG\left_2019_07_22_10_05_24_840.jpg,D:\car1\IMG\right_2019_07_22_10_05_24_840.jpg,0,0.8226975,0,13.47451
D:\car1\IMG\center_2019_07_22_10_05_24_951.jpg,D:\car1\IMG\left_2019_07_22_10_05_24_951.jpg,D:\car1\IMG\right_2019_07_22_10_05_24_951.jpg,0,0.4853655,0,13.29117
D:\car1\IMG\center_2019_07_22_10_05_25_063.jpg,D:\car1\IMG\left_2019_07_22_10_05_25_063.jpg,D:\car1\IMG\right_2019_07_22_10_05_25_063.jpg,0,0.1444961,0,13.28023
D:\car1\IMG\center_2019_07_22_10_05_25_175.jpg,D:\car1\IMG\left_2019_07_22_10_05_25_175.jpg,D:\car1\IMG\right_2019_07_22_10_05_25_175.jpg,0,0,0,12.60409
D:\car1\IMG\center_2019_07_22_10_05_25_288.jpg,D:\car1\IMG\left_2019_07_22_10_05_25_288.jpg,D:\car1\IMG\right_2019_07_22_10_05_25_288.jpg,0,0,0,11.76895
D:\car1\IMG\center_2019_07_22_10_05_25_395.jpg,D:\car1\IMG\left_2019_07_22_10_05_25_395.jpg,D:\car1\IMG\right_2019_07_22_10_05_25_395.jpg,0,0,0,10.84616
D:\car1\IMG\center_2019_07_22_10_05_25_492.jpg,D:\car1\IMG\left_2019_07_22_10_05_25_492.jpg,D:\car1\IMG\right_2019_07_22_10_05_25_492.jpg,0,0.2038246,0,10.87
D:\car1\IMG\center_2019_07_22_10_05_25_542.jpg,D:\car1\IMG\left_2019_07_22_10_05_25_542.jpg,D:\car1\IMG\right_2019_07_22_10_05_25_542.jpg,0,0.4806941,0,10.82239
D:\car1\IMG\center_2019_07_22_10_05_25_628.jpg,D:\car1\IMG\left_2019_07_22_10_05_25_628.jpg,D:\car1\IMG\right_2019_07_22_10_05_25_628.jpg,0,0.7415035,0,10.99659
D:\car1\IMG\center_2019_07_22_10_05_25_715.jpg,D:\car1\IMG\left_2019_07_22_10_05_25_715.jpg,D:\car1\IMG\right_2019_07_22_10_05_25_715.jpg,0,0.9988593,0,11.3319
D:\car1\IMG\center_2019_07_22_10_05_25_838.jpg,D:\car1\IMG\left_2019_07_22_10_05_25_838.jpg,D:\car1\IMG\right_2019_07_22_10_05_25_838.jpg,0,1,0,11.95956
D:\car1\IMG\center_2019_07_22_10_05_25_930.jpg,D:\car1\IMG\left_2019_07_22_10_05_25_930.jpg,D:\car1\IMG\right_2019_07_22_10_05_25_930.jpg,0,1,0,12.68651
D:\car1\IMG\center_2019_07_22_10_05_26_026.jpg,D:\car1\IMG\left_2019_07_22_10_05_26_026.jpg,D:\car1\IMG\right_2019_07_22_10_05_26_026.jpg,0,1,0,13.17048
D:\car1\IMG\center_2019_07_22_10_05_26_168.jpg,D:\car1\IMG\left_2019_07_22_10_05_26_168.jpg,D:\car1\IMG\right_2019_07_22_10_05_26_168.jpg,0,0.7975574,0,13.8631
D:\car1\IMG\center_2019_07_22_10_05_26_247.jpg,D:\car1\IMG\left_2019_07_22_10_05_26_247.jpg,D:\car1\IMG\right_2019_07_22_10_05_26_247.jpg,0,0.5645522,0,14.05574
D:\car1\IMG\center_2019_07_22_10_05_26_325.jpg,D:\car1\IMG\left_2019_07_22_10_05_26_325.jpg,D:\car1\IMG\right_2019_07_22_10_05_26_325.jpg,0,0.3300608,0,13.7678
D:\car1\IMG\center_2019_07_22_10_05_26_397.jpg,D:\car1\IMG\left_2019_07_22_10_05_26_397.jpg,D:\car1\IMG\right_2019_07_22_10_05_26_397.jpg,0,0.1105987,0,13.35886
D:\car1\IMG\center_2019_07_22_10_05_26_468.jpg,D:\car1\IMG\left_2019_07_22_10_05_26_468.jpg,D:\car1\IMG\right_2019_07_22_10_05_26_468.jpg,0.15,0,0,13.24866
D:\car1\IMG\center_2019_07_22_10_05_26_547.jpg,D:\car1\IMG\left_2019_07_22_10_05_26_547.jpg,D:\car1\IMG\right_2019_07_22_10_05_26_547.jpg,0.35,0,0,12.77575
D:\car1\IMG\center_2019_07_22_10_05_26_619.jpg,D:\car1\IMG\left_2019_07_22_10_05_26_619.jpg,D:\car1\IMG\right_2019_07_22_10_05_26_619.jpg,0.5500001,0,0,12.24705
D:\car1\IMG\center_2019_07_22_10_05_26_719.jpg,D:\car1\IMG\left_2019_07_22_10_05_26_719.jpg,D:\car1\IMG\right_2019_07_22_10_05_26_719.jpg,0.8000001,0,0,11.49283
D:\car1\IMG\center_2019_07_22_10_05_26_800.jpg,D:\car1\IMG\left_2019_07_22_10_05_26_800.jpg,D:\car1\IMG\right_2019_07_22_10_05_26_800.jpg,1,0,0,10.84016
D:\car1\IMG\center_2019_07_22_10_05_26_896.jpg,D:\car1\IMG\left_2019_07_22_10_05_26_896.jpg,D:\car1\IMG\right_2019_07_22_10_05_26_896.jpg,1,0,0,10.29223
D:\car1\IMG\center_2019_07_22_10_05_26_987.jpg,D:\car1\IMG\left_2019_07_22_10_05_26_987.jpg,D:\car1\IMG\right_2019_07_22_10_05_26_987.jpg,0,0,0,9.806782
D:\car1\IMG\center_2019_07_22_10_05_27_080.jpg,D:\car1\IMG\left_2019_07_22_10_05_27_080.jpg,D:\car1\IMG\right_2019_07_22_10_05_27_080.jpg,0,0,0,9.21678
D:\car1\IMG\center_2019_07_22_10_05_27_167.jpg,D:\car1\IMG\left_2019_07_22_10_05_27_167.jpg,D:\car1\IMG\right_2019_07_22_10_05_27_167.jpg,0,0,0,8.865788
D:\car1\IMG\center_2019_07_22_10_05_27_258.jpg,D:\car1\IMG\left_2019_07_22_10_05_27_258.jpg,D:\car1\IMG\right_2019_07_22_10_05_27_258.jpg,0.1,0,0,8.46362
D:\car1\IMG\center_2019_07_22_10_05_27_364.jpg,D:\car1\IMG\left_2019_07_22_10_05_27_364.jpg,D:\car1\IMG\right_2019_07_22_10_05_27_364.jpg,0.35,0,0,8.056817
D:\car1\IMG\center_2019_07_22_10_05_27_433.jpg,D:\car1\IMG\left_2019_07_22_10_05_27_433.jpg,D:\car1\IMG\right_2019_07_22_10_05_27_433.jpg,0.5500001,0,0,7.726279
D:\car1\IMG\center_2019_07_22_10_05_27_505.jpg,D:\car1\IMG\left_2019_07_22_10_05_27_505.jpg,D:\car1\IMG\right_2019_07_22_10_05_27_505.jpg,0.7,0,0,7.468919
D:\car1\IMG\center_2019_07_22_10_05_27_606.jpg,D:\car1\IMG\left_2019_07_22_10_05_27_606.jpg,D:\car1\IMG\right_2019_07_22_10_05_27_606.jpg,0.9500002,0,0,7.026075
D:\car1\IMG\center_2019_07_22_10_05_27_681.jpg,D:\car1\IMG\left_2019_07_22_10_05_27_681.jpg,D:\car1\IMG\right_2019_07_22_10_05_27_681.jpg,1,0,0,6.695449
D:\car1\IMG\center_2019_07_22_10_05_27_783.jpg,D:\car1\IMG\left_2019_07_22_10_05_27_783.jpg,D:\car1\IMG\right_2019_07_22_10_05_27_783.jpg,1,0,0,6.33999
D:\car1\IMG\center_2019_07_22_10_05_27_880.jpg,D:\car1\IMG\left_2019_07_22_10_05_27_880.jpg,D:\car1\IMG\right_2019_07_22_10_05_27_880.jpg,1,0,0,6.010859
D:\car1\IMG\center_2019_07_22_10_05_27_986.jpg,D:\car1\IMG\left_2019_07_22_10_05_27_986.jpg,D:\car1\IMG\right_2019_07_22_10_05_27_986.jpg,1,0,0,5.726763
D:\car1\IMG\center_2019_07_22_10_05_28_089.jpg,D:\car1\IMG\left_2019_07_22_10_05_28_089.jpg,D:\car1\IMG\right_2019_07_22_10_05_28_089.jpg,0.1,0,0,5.334616
D:\car1\IMG\center_2019_07_22_10_05_28_184.jpg,D:\car1\IMG\left_2019_07_22_10_05_28_184.jpg,D:\car1\IMG\right_2019_07_22_10_05_28_184.jpg,0,0,0,5.091336
D:\car1\IMG\center_2019_07_22_10_05_28_277.jpg,D:\car1\IMG\left_2019_07_22_10_05_28_277.jpg,D:\car1\IMG\right_2019_07_22_10_05_28_277.jpg,0,0,0,4.850363
D:\car1\IMG\center_2019_07_22_10_05_28_375.jpg,D:\car1\IMG\left_2019_07_22_10_05_28_375.jpg,D:\car1\IMG\right_2019_07_22_10_05_28_375.jpg,0,0,0,4.629671
D:\car1\IMG\center_2019_07_22_10_05_28_513.jpg,D:\car1\IMG\left_2019_07_22_10_05_28_513.jpg,D:\car1\IMG\right_2019_07_22_10_05_28_513.jpg,0,0,0,4.328195
D:\car1\IMG\center_2019_07_22_10_05_28_583.jpg,D:\car1\IMG\left_2019_07_22_10_05_28_583.jpg,D:\car1\IMG\right_2019_07_22_10_05_28_583.jpg,0,0.2131233,0,4.34759
D:\car1\IMG\center_2019_07_22_10_05_28_657.jpg,D:\car1\IMG\left_2019_07_22_10_05_28_657.jpg,D:\car1\IMG\right_2019_07_22_10_05_28_657.jpg,0,0.4315886,0,4.58724
D:\car1\IMG\center_2019_07_22_10_05_28_731.jpg,D:\car1\IMG\left_2019_07_22_10_05_28_731.jpg,D:\car1\IMG\right_2019_07_22_10_05_28_731.jpg,0,0.6547819,0,4.92428
D:\car1\IMG\center_2019_07_22_10_05_28_842.jpg,D:\car1\IMG\left_2019_07_22_10_05_28_842.jpg,D:\car1\IMG\right_2019_07_22_10_05_28_842.jpg,0,0.9918907,0,5.940348
D:\car1\IMG\center_2019_07_22_10_05_28_936.jpg,D:\car1\IMG\left_2019_07_22_10_05_28_936.jpg,D:\car1\IMG\right_2019_07_22_10_05_28_936.jpg,0,1,0,6.902923
D:\car1\IMG\center_2019_07_22_10_05_29_023.jpg,D:\car1\IMG\left_2019_07_22_10_05_29_023.jpg,D:\car1\IMG\right_2019_07_22_10_05_29_023.jpg,0,1,0,7.696608
D:\car1\IMG\center_2019_07_22_10_05_29_116.jpg,D:\car1\IMG\left_2019_07_22_10_05_29_116.jpg,D:\car1\IMG\right_2019_07_22_10_05_29_116.jpg,0,1,0,8.711059
D:\car1\IMG\center_2019_07_22_10_05_29_205.jpg,D:\car1\IMG\left_2019_07_22_10_05_29_205.jpg,D:\car1\IMG\right_2019_07_22_10_05_29_205.jpg,0,1,0,9.580465
D:\car1\IMG\center_2019_07_22_10_05_29_299.jpg,D:\car1\IMG\left_2019_07_22_10_05_29_299.jpg,D:\car1\IMG\right_2019_07_22_10_05_29_299.jpg,0,1,0,10.64425
D:\car1\IMG\center_2019_07_22_10_05_29_410.jpg,D:\car1\IMG\left_2019_07_22_10_05_29_410.jpg,D:\car1\IMG\right_2019_07_22_10_05_29_410.jpg,0,1,0,11.53466
D:\car1\IMG\center_2019_07_22_10_05_29_537.jpg,D:\car1\IMG\left_2019_07_22_10_05_29_537.jpg,D:\car1\IMG\right_2019_07_22_10_05_29_537.jpg,0,1,0,12.92281
D:\car1\IMG\center_2019_07_22_10_05_29_647.jpg,D:\car1\IMG\left_2019_07_22_10_05_29_647.jpg,D:\car1\IMG\right_2019_07_22_10_05_29_647.jpg,0,1,0,13.7577
D:\car1\IMG\center_2019_07_22_10_05_29_761.jpg,D:\car1\IMG\left_2019_07_22_10_05_29_761.jpg,D:\car1\IMG\right_2019_07_22_10_05_29_761.jpg,0,0.7928678,0,15.29053
D:\car1\IMG\center_2019_07_22_10_05_29_836.jpg,D:\car1\IMG\left_2019_07_22_10_05_29_836.jpg,D:\car1\IMG\right_2019_07_22_10_05_29_836.jpg,0,0.5750425,0,15.72439
D:\car1\IMG\center_2019_07_22_10_05_29_977.jpg,D:\car1\IMG\left_2019_07_22_10_05_29_977.jpg,D:\car1\IMG\right_2019_07_22_10_05_29_977.jpg,0.25,0.2298641,0,15.93208
D:\car1\IMG\center_2019_07_22_10_05_30_058.jpg,D:\car1\IMG\left_2019_07_22_10_05_30_058.jpg,D:\car1\IMG\right_2019_07_22_10_05_30_058.jpg,0.5500001,0,0,15.69759
D:\car1\IMG\center_2019_07_22_10_05_30_174.jpg,D:\car1\IMG\left_2019_07_22_10_05_30_174.jpg,D:\car1\IMG\right_2019_07_22_10_05_30_174.jpg,0.8000001,0,0,15.39826
D:\car1\IMG\center_2019_07_22_10_05_30_272.jpg,D:\car1\IMG\left_2019_07_22_10_05_30_272.jpg,D:\car1\IMG\right_2019_07_22_10_05_30_272.jpg,1,0,0,14.9998
D:\car1\IMG\center_2019_07_22_10_05_30_381.jpg,D:\car1\IMG\left_2019_07_22_10_05_30_381.jpg,D:\car1\IMG\right_2019_07_22_10_05_30_381.jpg,1,0,0,14.73418
D:\car1\IMG\center_2019_07_22_10_05_30_525.jpg,D:\car1\IMG\left_2019_07_22_10_05_30_525.jpg,D:\car1\IMG\right_2019_07_22_10_05_30_525.jpg,1,0,0,14.41709
D:\car1\IMG\center_2019_07_22_10_05_30_616.jpg,D:\car1\IMG\left_2019_07_22_10_05_30_616.jpg,D:\car1\IMG\right_2019_07_22_10_05_30_616.jpg,1,0,0,14.23887
D:\car1\IMG\center_2019_07_22_10_05_30_678.jpg,D:\car1\IMG\left_2019_07_22_10_05_30_678.jpg,D:\car1\IMG\right_2019_07_22_10_05_30_678.jpg,1,0,0,14.12526
D:\car1\IMG\center_2019_07_22_10_05_30_797.jpg,D:\car1\IMG\left_2019_07_22_10_05_30_797.jpg,D:\car1\IMG\right_2019_07_22_10_05_30_797.jpg,1,0,0,13.93503
D:\car1\IMG\center_2019_07_22_10_05_30_936.jpg,D:\car1\IMG\left_2019_07_22_10_05_30_936.jpg,D:\car1\IMG\right_2019_07_22_10_05_30_936.jpg,0,0,0,13.49622
D:\car1\IMG\center_2019_07_22_10_05_31_044.jpg,D:\car1\IMG\left_2019_07_22_10_05_31_044.jpg,D:\car1\IMG\right_2019_07_22_10_05_31_044.jpg,0,0,0,13.28877
D:\car1\IMG\center_2019_07_22_10_05_31_139.jpg,D:\car1\IMG\left_2019_07_22_10_05_31_139.jpg,D:\car1\IMG\right_2019_07_22_10_05_31_139.jpg,0,0,0,13.16359
D:\car1\IMG\center_2019_07_22_10_05_31_235.jpg,D:\car1\IMG\left_2019_07_22_10_05_31_235.jpg,D:\car1\IMG\right_2019_07_22_10_05_31_235.jpg,0,0,0,12.96263
D:\car1\IMG\center_2019_07_22_10_05_31_335.jpg,D:\car1\IMG\left_2019_07_22_10_05_31_335.jpg,D:\car1\IMG\right_2019_07_22_10_05_31_335.jpg,0,0,0,12.83305
D:\car1\IMG\center_2019_07_22_10_05_31_435.jpg,D:\car1\IMG\left_2019_07_22_10_05_31_435.jpg,D:\car1\IMG\right_2019_07_22_10_05_31_435.jpg,0,0,0,12.69937
D:\car1\IMG\center_2019_07_22_10_05_31_540.jpg,D:\car1\IMG\left_2019_07_22_10_05_31_540.jpg,D:\car1\IMG\right_2019_07_22_10_05_31_540.jpg,0,0,0,12.56828
D:\car1\IMG\center_2019_07_22_10_05_31_646.jpg,D:\car1\IMG\left_2019_07_22_10_05_31_646.jpg,D:\car1\IMG\right_2019_07_22_10_05_31_646.jpg,0,0,0,12.44045
D:\car1\IMG\center_2019_07_22_10_05_31_769.jpg,D:\car1\IMG\left_2019_07_22_10_05_31_769.jpg,D:\car1\IMG\right_2019_07_22_10_05_31_769.jpg,0,0.1887059,0,12.48171
D:\car1\IMG\center_2019_07_22_10_05_31_892.jpg,D:\car1\IMG\left_2019_07_22_10_05_31_892.jpg,D:\car1\IMG\right_2019_07_22_10_05_31_892.jpg,0,0.5617362,0,12.74744
D:\car1\IMG\center_2019_07_22_10_05_32_025.jpg,D:\car1\IMG\left_2019_07_22_10_05_32_025.jpg,D:\car1\IMG\right_2019_07_22_10_05_32_025.jpg,0,0.9602442,0,14.25212
D:\car1\IMG\center_2019_07_22_10_05_32_097.jpg,D:\car1\IMG\left_2019_07_22_10_05_32_097.jpg,D:\car1\IMG\right_2019_07_22_10_05_32_097.jpg,0,1,0,15.2854
D:\car1\IMG\center_2019_07_22_10_05_32_185.jpg,D:\car1\IMG\left_2019_07_22_10_05_32_185.jpg,D:\car1\IMG\right_2019_07_22_10_05_32_185.jpg,0,1,0,16.14178
D:\car1\IMG\center_2019_07_22_10_05_32_275.jpg,D:\car1\IMG\left_2019_07_22_10_05_32_275.jpg,D:\car1\IMG\right_2019_07_22_10_05_32_275.jpg,0,1,0,17.19342
D:\car1\IMG\center_2019_07_22_10_05_32_360.jpg,D:\car1\IMG\left_2019_07_22_10_05_32_360.jpg,D:\car1\IMG\right_2019_07_22_10_05_32_360.jpg,0,1,0,18.02557
D:\car1\IMG\center_2019_07_22_10_05_32_448.jpg,D:\car1\IMG\left_2019_07_22_10_05_32_448.jpg,D:\car1\IMG\right_2019_07_22_10_05_32_448.jpg,0,0.734928,0,18.66667
D:\car1\IMG\center_2019_07_22_10_05_32_551.jpg,D:\car1\IMG\left_2019_07_22_10_05_32_551.jpg,D:\car1\IMG\right_2019_07_22_10_05_32_551.jpg,0.15,0.4271222,0,19.20735
D:\car1\IMG\center_2019_07_22_10_05_32_669.jpg,D:\car1\IMG\left_2019_07_22_10_05_32_669.jpg,D:\car1\IMG\right_2019_07_22_10_05_32_669.jpg,0.4,0.0793339,0,19.1706
D:\car1\IMG\center_2019_07_22_10_05_32_744.jpg,D:\car1\IMG\left_2019_07_22_10_05_32_744.jpg,D:\car1\IMG\right_2019_07_22_10_05_32_744.jpg,0.6000001,0,0,18.91808
D:\car1\IMG\center_2019_07_22_10_05_32_812.jpg,D:\car1\IMG\left_2019_07_22_10_05_32_812.jpg,D:\car1\IMG\right_2019_07_22_10_05_32_812.jpg,0.8000001,0,0,18.61373
D:\car1\IMG\center_2019_07_22_10_05_32_881.jpg,D:\car1\IMG\left_2019_07_22_10_05_32_881.jpg,D:\car1\IMG\right_2019_07_22_10_05_32_881.jpg,0.9500002,0,0,18.24769
D:\car1\IMG\center_2019_07_22_10_05_32_955.jpg,D:\car1\IMG\left_2019_07_22_10_05_32_955.jpg,D:\car1\IMG\right_2019_07_22_10_05_32_955.jpg,1,0,0,17.87254
D:\car1\IMG\center_2019_07_22_10_05_33_117.jpg,D:\car1\IMG\left_2019_07_22_10_05_33_117.jpg,D:\car1\IMG\right_2019_07_22_10_05_33_117.jpg,1,0,0,17.58834
D:\car1\IMG\center_2019_07_22_10_05_33_194.jpg,D:\car1\IMG\left_2019_07_22_10_05_33_194.jpg,D:\car1\IMG\right_2019_07_22_10_05_33_194.jpg,1,0,0,17.38829
D:\car1\IMG\center_2019_07_22_10_05_33_260.jpg,D:\car1\IMG\left_2019_07_22_10_05_33_260.jpg,D:\car1\IMG\right_2019_07_22_10_05_33_260.jpg,1,0,0,17.20234
D:\car1\IMG\center_2019_07_22_10_05_33_328.jpg,D:\car1\IMG\left_2019_07_22_10_05_33_328.jpg,D:\car1\IMG\right_2019_07_22_10_05_33_328.jpg,0,0,0,16.86158
D:\car1\IMG\center_2019_07_22_10_05_33_436.jpg,D:\car1\IMG\left_2019_07_22_10_05_33_436.jpg,D:\car1\IMG\right_2019_07_22_10_05_33_436.jpg,0,0,0,16.51399
D:\car1\IMG\center_2019_07_22_10_05_33_506.jpg,D:\car1\IMG\left_2019_07_22_10_05_33_506.jpg,D:\car1\IMG\right_2019_07_22_10_05_33_506.jpg,0,0,0,16.50555
D:\car1\IMG\center_2019_07_22_10_05_33_581.jpg,D:\car1\IMG\left_2019_07_22_10_05_33_581.jpg,D:\car1\IMG\right_2019_07_22_10_05_33_581.jpg,0,0,0,16.3458
D:\car1\IMG\center_2019_07_22_10_05_33_669.jpg,D:\car1\IMG\left_2019_07_22_10_05_33_669.jpg,D:\car1\IMG\right_2019_07_22_10_05_33_669.jpg,0,0,0,16.15263
D:\car1\IMG\center_2019_07_22_10_05_33_774.jpg,D:\car1\IMG\left_2019_07_22_10_05_33_774.jpg,D:\car1\IMG\right_2019_07_22_10_05_33_774.jpg,-0.2,0,0,15.93462
D:\car1\IMG\center_2019_07_22_10_05_33_852.jpg,D:\car1\IMG\left_2019_07_22_10_05_33_852.jpg,D:\car1\IMG\right_2019_07_22_10_05_33_852.jpg,-0.35,0,0,15.80372
D:\car1\IMG\center_2019_07_22_10_05_33_946.jpg,D:\car1\IMG\left_2019_07_22_10_05_33_946.jpg,D:\car1\IMG\right_2019_07_22_10_05_33_946.jpg,-0.6000001,0,0,15.52717
D:\car1\IMG\center_2019_07_22_10_05_34_094.jpg,D:\car1\IMG\left_2019_07_22_10_05_34_094.jpg,D:\car1\IMG\right_2019_07_22_10_05_34_094.jpg,-0.9000002,0,0,15.11154
D:\car1\IMG\center_2019_07_22_10_05_34_200.jpg,D:\car1\IMG\left_2019_07_22_10_05_34_200.jpg,D:\car1\IMG\right_2019_07_22_10_05_34_200.jpg,-1,0,0,14.78258
D:\car1\IMG\center_2019_07_22_10_05_34_252.jpg,D:\car1\IMG\left_2019_07_22_10_05_34_252.jpg,D:\car1\IMG\right_2019_07_22_10_05_34_252.jpg,-1,0,0,14.57736
D:\car1\IMG\center_2019_07_22_10_05_34_324.jpg,D:\car1\IMG\left_2019_07_22_10_05_34_324.jpg,D:\car1\IMG\right_2019_07_22_10_05_34_324.jpg,-1,0,0,14.39721
D:\car1\IMG\center_2019_07_22_10_05_34_398.jpg,D:\car1\IMG\left_2019_07_22_10_05_34_398.jpg,D:\car1\IMG\right_2019_07_22_10_05_34_398.jpg,-1,0,0,14.30592
D:\car1\IMG\center_2019_07_22_10_05_34_474.jpg,D:\car1\IMG\left_2019_07_22_10_05_34_474.jpg,D:\car1\IMG\right_2019_07_22_10_05_34_474.jpg,-1,0,0,14.07873
D:\car1\IMG\center_2019_07_22_10_05_34_605.jpg,D:\car1\IMG\left_2019_07_22_10_05_34_605.jpg,D:\car1\IMG\right_2019_07_22_10_05_34_605.jpg,-1,0,0,13.86744
D:\car1\IMG\center_2019_07_22_10_05_34_744.jpg,D:\car1\IMG\left_2019_07_22_10_05_34_744.jpg,D:\car1\IMG\right_2019_07_22_10_05_34_744.jpg,-1,0,0,13.65043
D:\car1\IMG\center_2019_07_22_10_05_34_812.jpg,D:\car1\IMG\left_2019_07_22_10_05_34_812.jpg,D:\car1\IMG\right_2019_07_22_10_05_34_812.jpg,-1,0,0,13.52386
D:\car1\IMG\center_2019_07_22_10_05_34_919.jpg,D:\car1\IMG\left_2019_07_22_10_05_34_919.jpg,D:\car1\IMG\right_2019_07_22_10_05_34_919.jpg,-1,0,0,13.32041
D:\car1\IMG\center_2019_07_22_10_05_35_008.jpg,D:\car1\IMG\left_2019_07_22_10_05_35_008.jpg,D:\car1\IMG\right_2019_07_22_10_05_35_008.jpg,-1,0,0,13.17347
D:\car1\IMG\center_2019_07_22_10_05_35_099.jpg,D:\car1\IMG\left_2019_07_22_10_05_35_099.jpg,D:\car1\IMG\right_2019_07_22_10_05_35_099.jpg,-1,0,0,13.04017
D:\car1\IMG\center_2019_07_22_10_05_35_189.jpg,D:\car1\IMG\left_2019_07_22_10_05_35_189.jpg,D:\car1\IMG\right_2019_07_22_10_05_35_189.jpg,-1,0,0,12.85912
D:\car1\IMG\center_2019_07_22_10_05_35_321.jpg,D:\car1\IMG\left_2019_07_22_10_05_35_321.jpg,D:\car1\IMG\right_2019_07_22_10_05_35_321.jpg,-1,0,0,12.66703
D:\car1\IMG\center_2019_07_22_10_05_35_416.jpg,D:\car1\IMG\left_2019_07_22_10_05_35_416.jpg,D:\car1\IMG\right_2019_07_22_10_05_35_416.jpg,-1,0,0,12.52317
D:\car1\IMG\center_2019_07_22_10_05_35_513.jpg,D:\car1\IMG\left_2019_07_22_10_05_35_513.jpg,D:\car1\IMG\right_2019_07_22_10_05_35_513.jpg,0,0,0,12.23852
D:\car1\IMG\center_2019_07_22_10_05_35_603.jpg,D:\car1\IMG\left_2019_07_22_10_05_35_603.jpg,D:\car1\IMG\right_2019_07_22_10_05_35_603.jpg,0,0,0,12.07303
D:\car1\IMG\center_2019_07_22_10_05_35_723.jpg,D:\car1\IMG\left_2019_07_22_10_05_35_723.jpg,D:\car1\IMG\right_2019_07_22_10_05_35_723.jpg,-0.3,0,0,11.89887
D:\car1\IMG\center_2019_07_22_10_05_35_816.jpg,D:\car1\IMG\left_2019_07_22_10_05_35_816.jpg,D:\car1\IMG\right_2019_07_22_10_05_35_816.jpg,-0.5500001,0,0,11.67889
D:\car1\IMG\center_2019_07_22_10_05_35_924.jpg,D:\car1\IMG\left_2019_07_22_10_05_35_924.jpg,D:\car1\IMG\right_2019_07_22_10_05_35_924.jpg,-0.8000001,0,0,11.61235
D:\car1\IMG\center_2019_07_22_10_05_36_021.jpg,D:\car1\IMG\left_2019_07_22_10_05_36_021.jpg,D:\car1\IMG\right_2019_07_22_10_05_36_021.jpg,-1,0,0,11.22057
D:\car1\IMG\center_2019_07_22_10_05_36_126.jpg,D:\car1\IMG\left_2019_07_22_10_05_36_126.jpg,D:\car1\IMG\right_2019_07_22_10_05_36_126.jpg,-1,0,0,11.03831
D:\car1\IMG\center_2019_07_22_10_05_36_238.jpg,D:\car1\IMG\left_2019_07_22_10_05_36_238.jpg,D:\car1\IMG\right_2019_07_22_10_05_36_238.jpg,-1,0,0,10.86081
D:\car1\IMG\center_2019_07_22_10_05_36_363.jpg,D:\car1\IMG\left_2019_07_22_10_05_36_363.jpg,D:\car1\IMG\right_2019_07_22_10_05_36_363.jpg,-1,0,0,10.69459
D:\car1\IMG\center_2019_07_22_10_05_36_437.jpg,D:\car1\IMG\left_2019_07_22_10_05_36_437.jpg,D:\car1\IMG\right_2019_07_22_10_05_36_437.jpg,-1,0,0,10.58599
D:\car1\IMG\center_2019_07_22_10_05_36_541.jpg,D:\car1\IMG\left_2019_07_22_10_05_36_541.jpg,D:\car1\IMG\right_2019_07_22_10_05_36_541.jpg,-1,0,0,10.45185
D:\car1\IMG\center_2019_07_22_10_05_36_648.jpg,D:\car1\IMG\left_2019_07_22_10_05_36_648.jpg,D:\car1\IMG\right_2019_07_22_10_05_36_648.jpg,-1,0,0,10.31928
D:\car1\IMG\center_2019_07_22_10_05_36_716.jpg,D:\car1\IMG\left_2019_07_22_10_05_36_716.jpg,D:\car1\IMG\right_2019_07_22_10_05_36_716.jpg,-1,0,0,10.2143
D:\car1\IMG\center_2019_07_22_10_05_36_785.jpg,D:\car1\IMG\left_2019_07_22_10_05_36_785.jpg,D:\car1\IMG\right_2019_07_22_10_05_36_785.jpg,-1,0,0,10.13619
D:\car1\IMG\center_2019_07_22_10_05_36_917.jpg,D:\car1\IMG\left_2019_07_22_10_05_36_917.jpg,D:\car1\IMG\right_2019_07_22_10_05_36_917.jpg,-1,0,0,9.955972
D:\car1\IMG\center_2019_07_22_10_05_37_043.jpg,D:\car1\IMG\left_2019_07_22_10_05_37_043.jpg,D:\car1\IMG\right_2019_07_22_10_05_37_043.jpg,0,0,0,9.603867
D:\car1\IMG\center_2019_07_22_10_05_37_144.jpg,D:\car1\IMG\left_2019_07_22_10_05_37_144.jpg,D:\car1\IMG\right_2019_07_22_10_05_37_144.jpg,0,0,0,9.490502
D:\car1\IMG\center_2019_07_22_10_05_37_236.jpg,D:\car1\IMG\left_2019_07_22_10_05_37_236.jpg,D:\car1\IMG\right_2019_07_22_10_05_37_236.jpg,0,0.2776987,0,9.641675
D:\car1\IMG\center_2019_07_22_10_05_37_327.jpg,D:\car1\IMG\left_2019_07_22_10_05_37_327.jpg,D:\car1\IMG\right_2019_07_22_10_05_37_327.jpg,0,0.5498515,0,10.01092
D:\car1\IMG\center_2019_07_22_10_05_37_436.jpg,D:\car1\IMG\left_2019_07_22_10_05_37_436.jpg,D:\car1\IMG\right_2019_07_22_10_05_37_436.jpg,0,0.8719956,0,11.00058
D:\car1\IMG\center_2019_07_22_10_05_37_504.jpg,D:\car1\IMG\left_2019_07_22_10_05_37_504.jpg,D:\car1\IMG\right_2019_07_22_10_05_37_504.jpg,0,1,0,11.47973
D:\car1\IMG\center_2019_07_22_10_05_37_607.jpg,D:\car1\IMG\left_2019_07_22_10_05_37_607.jpg,D:\car1\IMG\right_2019_07_22_10_05_37_607.jpg,0,1,0,12.75143
D:\car1\IMG\center_2019_07_22_10_05_37_730.jpg,D:\car1\IMG\left_2019_07_22_10_05_37_730.jpg,D:\car1\IMG\right_2019_07_22_10_05_37_730.jpg,0,1,0,13.82148
D:\car1\IMG\center_2019_07_22_10_05_37_836.jpg,D:\car1\IMG\left_2019_07_22_10_05_37_836.jpg,D:\car1\IMG\right_2019_07_22_10_05_37_836.jpg,0,1,0,15.24598
D:\car1\IMG\center_2019_07_22_10_05_37_965.jpg,D:\car1\IMG\left_2019_07_22_10_05_37_965.jpg,D:\car1\IMG\right_2019_07_22_10_05_37_965.jpg,0,1,0,16.50022
D:\car1\IMG\center_2019_07_22_10_05_38_100.jpg,D:\car1\IMG\left_2019_07_22_10_05_38_100.jpg,D:\car1\IMG\right_2019_07_22_10_05_38_100.jpg,0,0.7937706,0,17.95259
D:\car1\IMG\center_2019_07_22_10_05_38_220.jpg,D:\car1\IMG\left_2019_07_22_10_05_38_220.jpg,D:\car1\IMG\right_2019_07_22_10_05_38_220.jpg,0,0.4305963,0,18.5629
D:\car1\IMG\center_2019_07_22_10_05_38_317.jpg,D:\car1\IMG\left_2019_07_22_10_05_38_317.jpg,D:\car1\IMG\right_2019_07_22_10_05_38_317.jpg,0,0.1412927,0,18.32873
D:\car1\IMG\center_2019_07_22_10_05_38_412.jpg,D:\car1\IMG\left_2019_07_22_10_05_38_412.jpg,D:\car1\IMG\right_2019_07_22_10_05_38_412.jpg,-0.25,0,0,18.51851
D:\car1\IMG\center_2019_07_22_10_05_38_526.jpg,D:\car1\IMG\left_2019_07_22_10_05_38_526.jpg,D:\car1\IMG\right_2019_07_22_10_05_38_526.jpg,-0.5000001,0,0,17.79234
D:\car1\IMG\center_2019_07_22_10_05_38_594.jpg,D:\car1\IMG\left_2019_07_22_10_05_38_594.jpg,D:\car1\IMG\right_2019_07_22_10_05_38_594.jpg,-0.7,0,0,17.51126
D:\car1\IMG\center_2019_07_22_10_05_38_691.jpg,D:\car1\IMG\left_2019_07_22_10_05_38_691.jpg,D:\car1\IMG\right_2019_07_22_10_05_38_691.jpg,-0.9500002,0,0,17.52368
D:\car1\IMG\center_2019_07_22_10_05_38_787.jpg,D:\car1\IMG\left_2019_07_22_10_05_38_787.jpg,D:\car1\IMG\right_2019_07_22_10_05_38_787.jpg,-1,0,0,17.21475
D:\car1\IMG\center_2019_07_22_10_05_38_915.jpg,D:\car1\IMG\left_2019_07_22_10_05_38_915.jpg,D:\car1\IMG\right_2019_07_22_10_05_38_915.jpg,-1,0,0,16.88607
D:\car1\IMG\center_2019_07_22_10_05_39_027.jpg,D:\car1\IMG\left_2019_07_22_10_05_39_027.jpg,D:\car1\IMG\right_2019_07_22_10_05_39_027.jpg,0,0,0,16.1115
D:\car1\IMG\center_2019_07_22_10_05_39_126.jpg,D:\car1\IMG\left_2019_07_22_10_05_39_126.jpg,D:\car1\IMG\right_2019_07_22_10_05_39_126.jpg,0,0,0,15.7469
D:\car1\IMG\center_2019_07_22_10_05_39_271.jpg,D:\car1\IMG\left_2019_07_22_10_05_39_271.jpg,D:\car1\IMG\right_2019_07_22_10_05_39_271.jpg,0,0.1844842,0,15.63342
D:\car1\IMG\center_2019_07_22_10_05_39_372.jpg,D:\car1\IMG\left_2019_07_22_10_05_39_372.jpg,D:\car1\IMG\right_2019_07_22_10_05_39_372.jpg,0,0.5105135,0,16.19526
D:\car1\IMG\center_2019_07_22_10_05_39_483.jpg,D:\car1\IMG\left_2019_07_22_10_05_39_483.jpg,D:\car1\IMG\right_2019_07_22_10_05_39_483.jpg,0,0.1715641,0,16.7521
D:\car1\IMG\center_2019_07_22_10_05_39_620.jpg,D:\car1\IMG\left_2019_07_22_10_05_39_620.jpg,D:\car1\IMG\right_2019_07_22_10_05_39_620.jpg,0.3,0,0,16.54903
D:\car1\IMG\center_2019_07_22_10_05_39_690.jpg,D:\car1\IMG\left_2019_07_22_10_05_39_690.jpg,D:\car1\IMG\right_2019_07_22_10_05_39_690.jpg,0.5000001,0,0,16.32397
D:\car1\IMG\center_2019_07_22_10_05_39_770.jpg,D:\car1\IMG\left_2019_07_22_10_05_39_770.jpg,D:\car1\IMG\right_2019_07_22_10_05_39_770.jpg,0.8000001,0,0,15.91464
D:\car1\IMG\center_2019_07_22_10_05_39_860.jpg,D:\car1\IMG\left_2019_07_22_10_05_39_860.jpg,D:\car1\IMG\right_2019_07_22_10_05_39_860.jpg,1,0,0,15.59718
D:\car1\IMG\center_2019_07_22_10_05_39_993.jpg,D:\car1\IMG\left_2019_07_22_10_05_39_993.jpg,D:\car1\IMG\right_2019_07_22_10_05_39_993.jpg,1,0,0,15.25293
D:\car1\IMG\center_2019_07_22_10_05_40_111.jpg,D:\car1\IMG\left_2019_07_22_10_05_40_111.jpg,D:\car1\IMG\right_2019_07_22_10_05_40_111.jpg,1,0,0,14.45118
D:\car1\IMG\center_2019_07_22_10_05_40_237.jpg,D:\car1\IMG\left_2019_07_22_10_05_40_237.jpg,D:\car1\IMG\right_2019_07_22_10_05_40_237.jpg,1,0,0,14.50194
D:\car1\IMG\center_2019_07_22_10_05_40_347.jpg,D:\car1\IMG\left_2019_07_22_10_05_40_347.jpg,D:\car1\IMG\right_2019_07_22_10_05_40_347.jpg,0,0,0,13.73265
D:\car1\IMG\center_2019_07_22_10_05_40_458.jpg,D:\car1\IMG\left_2019_07_22_10_05_40_458.jpg,D:\car1\IMG\right_2019_07_22_10_05_40_458.jpg,0,0,0,13.43055
D:\car1\IMG\center_2019_07_22_10_05_40_571.jpg,D:\car1\IMG\left_2019_07_22_10_05_40_571.jpg,D:\car1\IMG\right_2019_07_22_10_05_40_571.jpg,0,0,0,13.2643
D:\car1\IMG\center_2019_07_22_10_05_40_673.jpg,D:\car1\IMG\left_2019_07_22_10_05_40_673.jpg,D:\car1\IMG\right_2019_07_22_10_05_40_673.jpg,0,0,0,13.64793
D:\car1\IMG\center_2019_07_22_10_05_40_740.jpg,D:\car1\IMG\left_2019_07_22_10_05_40_740.jpg,D:\car1\IMG\right_2019_07_22_10_05_40_740.jpg,0,0,0,13.13388
D:\car1\IMG\center_2019_07_22_10_05_40_832.jpg,D:\car1\IMG\left_2019_07_22_10_05_40_832.jpg,D:\car1\IMG\right_2019_07_22_10_05_40_832.jpg,-0.25,0,0,13.39469
D:\car1\IMG\center_2019_07_22_10_05_40_933.jpg,D:\car1\IMG\left_2019_07_22_10_05_40_933.jpg,D:\car1\IMG\right_2019_07_22_10_05_40_933.jpg,-0.5000001,0,0,12.69995
D:\car1\IMG\center_2019_07_22_10_05_41_056.jpg,D:\car1\IMG\left_2019_07_22_10_05_41_056.jpg,D:\car1\IMG\right_2019_07_22_10_05_41_056.jpg,-0.8000001,0,0,12.35029
D:\car1\IMG\center_2019_07_22_10_05_41_172.jpg,D:\car1\IMG\left_2019_07_22_10_05_41_172.jpg,D:\car1\IMG\right_2019_07_22_10_05_41_172.jpg,-1,0,0,11.97679
D:\car1\IMG\center_2019_07_22_10_05_41_276.jpg,D:\car1\IMG\left_2019_07_22_10_05_41_276.jpg,D:\car1\IMG\right_2019_07_22_10_05_41_276.jpg,-1,0,0,12.17974
D:\car1\IMG\center_2019_07_22_10_05_41_362.jpg,D:\car1\IMG\left_2019_07_22_10_05_41_362.jpg,D:\car1\IMG\right_2019_07_22_10_05_41_362.jpg,-1,0,0,12.19411
D:\car1\IMG\center_2019_07_22_10_05_41_463.jpg,D:\car1\IMG\left_2019_07_22_10_05_41_463.jpg,D:\car1\IMG\right_2019_07_22_10_05_41_463.jpg,-1,0,0,11.512
D:\car1\IMG\center_2019_07_22_10_05_41_616.jpg,D:\car1\IMG\left_2019_07_22_10_05_41_616.jpg,D:\car1\IMG\right_2019_07_22_10_05_41_616.jpg,-1,0,0,11.57862
D:\car1\IMG\center_2019_07_22_10_05_41_689.jpg,D:\car1\IMG\left_2019_07_22_10_05_41_689.jpg,D:\car1\IMG\right_2019_07_22_10_05_41_689.jpg,-1,0,0,11.43865
D:\car1\IMG\center_2019_07_22_10_05_41_776.jpg,D:\car1\IMG\left_2019_07_22_10_05_41_776.jpg,D:\car1\IMG\right_2019_07_22_10_05_41_776.jpg,-1,0,0,11.29333
D:\car1\IMG\center_2019_07_22_10_05_41_863.jpg,D:\car1\IMG\left_2019_07_22_10_05_41_863.jpg,D:\car1\IMG\right_2019_07_22_10_05_41_863.jpg,-1,0,0,11.17925
D:\car1\IMG\center_2019_07_22_10_05_41_946.jpg,D:\car1\IMG\left_2019_07_22_10_05_41_946.jpg,D:\car1\IMG\right_2019_07_22_10_05_41_946.jpg,-1,0,0,11.06645
D:\car1\IMG\center_2019_07_22_10_05_42_036.jpg,D:\car1\IMG\left_2019_07_22_10_05_42_036.jpg,D:\car1\IMG\right_2019_07_22_10_05_42_036.jpg,-1,0,0,10.92698
D:\car1\IMG\center_2019_07_22_10_05_42_120.jpg,D:\car1\IMG\left_2019_07_22_10_05_42_120.jpg,D:\car1\IMG\right_2019_07_22_10_05_42_120.jpg,-1,0,0,10.81656
D:\car1\IMG\center_2019_07_22_10_05_42_199.jpg,D:\car1\IMG\left_2019_07_22_10_05_42_199.jpg,D:\car1\IMG\right_2019_07_22_10_05_42_199.jpg,-1,0,0,10.70712
D:\car1\IMG\center_2019_07_22_10_05_42_310.jpg,D:\car1\IMG\left_2019_07_22_10_05_42_310.jpg,D:\car1\IMG\right_2019_07_22_10_05_42_310.jpg,-1,0,0,10.5717
D:\car1\IMG\center_2019_07_22_10_05_42_409.jpg,D:\car1\IMG\left_2019_07_22_10_05_42_409.jpg,D:\car1\IMG\right_2019_07_22_10_05_42_409.jpg,-1,0,0,10.43781
D:\car1\IMG\center_2019_07_22_10_05_42_507.jpg,D:\car1\IMG\left_2019_07_22_10_05_42_507.jpg,D:\car1\IMG\right_2019_07_22_10_05_42_507.jpg,-1,0,0,10.30541
D:\car1\IMG\center_2019_07_22_10_05_42_629.jpg,D:\car1\IMG\left_2019_07_22_10_05_42_629.jpg,D:\car1\IMG\right_2019_07_22_10_05_42_629.jpg,-1,0,0,10.1485
D:\car1\IMG\center_2019_07_22_10_05_42_744.jpg,D:\car1\IMG\left_2019_07_22_10_05_42_744.jpg,D:\car1\IMG\right_2019_07_22_10_05_42_744.jpg,-1,0,0,9.993675
D:\car1\IMG\center_2019_07_22_10_05_42_864.jpg,D:\car1\IMG\left_2019_07_22_10_05_42_864.jpg,D:\car1\IMG\right_2019_07_22_10_05_42_864.jpg,-1,0,0,9.840933
D:\car1\IMG\center_2019_07_22_10_05_42_945.jpg,D:\car1\IMG\left_2019_07_22_10_05_42_945.jpg,D:\car1\IMG\right_2019_07_22_10_05_42_945.jpg,-1,0,0,9.740232
D:\car1\IMG\center_2019_07_22_10_05_43_028.jpg,D:\car1\IMG\left_2019_07_22_10_05_43_028.jpg,D:\car1\IMG\right_2019_07_22_10_05_43_028.jpg,-1,0,0,9.640429
D:\car1\IMG\center_2019_07_22_10_05_43_105.jpg,D:\car1\IMG\left_2019_07_22_10_05_43_105.jpg,D:\car1\IMG\right_2019_07_22_10_05_43_105.jpg,-1,0,0,9.541515
D:\car1\IMG\center_2019_07_22_10_05_43_269.jpg,D:\car1\IMG\left_2019_07_22_10_05_43_269.jpg,D:\car1\IMG\right_2019_07_22_10_05_43_269.jpg,0,0,0,9.151111
D:\car1\IMG\center_2019_07_22_10_05_43_357.jpg,D:\car1\IMG\left_2019_07_22_10_05_43_357.jpg,D:\car1\IMG\right_2019_07_22_10_05_43_357.jpg,0,0,0,9.05519
D:\car1\IMG\center_2019_07_22_10_05_43_438.jpg,D:\car1\IMG\left_2019_07_22_10_05_43_438.jpg,D:\car1\IMG\right_2019_07_22_10_05_43_438.jpg,0,0.2448684,0,9.201731
D:\car1\IMG\center_2019_07_22_10_05_43_517.jpg,D:\car1\IMG\left_2019_07_22_10_05_43_517.jpg,D:\car1\IMG\right_2019_07_22_10_05_43_517.jpg,0,0.4807757,0,9.57681
D:\car1\IMG\center_2019_07_22_10_05_43_596.jpg,D:\car1\IMG\left_2019_07_22_10_05_43_596.jpg,D:\car1\IMG\right_2019_07_22_10_05_43_596.jpg,0,0.7211822,0,10.17989
D:\car1\IMG\center_2019_07_22_10_05_43_683.jpg,D:\car1\IMG\left_2019_07_22_10_05_43_683.jpg,D:\car1\IMG\right_2019_07_22_10_05_43_683.jpg,0,0.9764389,0,11.02077
D:\car1\IMG\center_2019_07_22_10_05_43_765.jpg,D:\car1\IMG\left_2019_07_22_10_05_43_765.jpg,D:\car1\IMG\right_2019_07_22_10_05_43_765.jpg,0,1,0,12.02509
D:\car1\IMG\center_2019_07_22_10_05_43_875.jpg,D:\car1\IMG\left_2019_07_22_10_05_43_875.jpg,D:\car1\IMG\right_2019_07_22_10_05_43_875.jpg,0,1,0,12.76192
D:\car1\IMG\center_2019_07_22_10_05_43_962.jpg,D:\car1\IMG\left_2019_07_22_10_05_43_962.jpg,D:\car1\IMG\right_2019_07_22_10_05_43_962.jpg,0,1,0,13.72187
D:\car1\IMG\center_2019_07_22_10_05_44_042.jpg,D:\car1\IMG\left_2019_07_22_10_05_44_042.jpg,D:\car1\IMG\right_2019_07_22_10_05_44_042.jpg,0,1,0,14.59504
D:\car1\IMG\center_2019_07_22_10_05_44_113.jpg,D:\car1\IMG\left_2019_07_22_10_05_44_113.jpg,D:\car1\IMG\right_2019_07_22_10_05_44_113.jpg,0,1,0,15.88584
D:\car1\IMG\center_2019_07_22_10_05_44_189.jpg,D:\car1\IMG\left_2019_07_22_10_05_44_189.jpg,D:\car1\IMG\right_2019_07_22_10_05_44_189.jpg,0,1,0,16.26793
D:\car1\IMG\center_2019_07_22_10_05_44_265.jpg,D:\car1\IMG\left_2019_07_22_10_05_44_265.jpg,D:\car1\IMG\right_2019_07_22_10_05_44_265.jpg,0,1,0,17.12059
D:\car1\IMG\center_2019_07_22_10_05_44_368.jpg,D:\car1\IMG\left_2019_07_22_10_05_44_368.jpg,D:\car1\IMG\right_2019_07_22_10_05_44_368.jpg,0,1,0,18.35815
D:\car1\IMG\center_2019_07_22_10_05_44_472.jpg,D:\car1\IMG\left_2019_07_22_10_05_44_472.jpg,D:\car1\IMG\right_2019_07_22_10_05_44_472.jpg,0,1,0,19.56846
D:\car1\IMG\center_2019_07_22_10_05_44_577.jpg,D:\car1\IMG\left_2019_07_22_10_05_44_577.jpg,D:\car1\IMG\right_2019_07_22_10_05_44_577.jpg,0,1,0,20.4703
D:\car1\IMG\center_2019_07_22_10_05_44_681.jpg,D:\car1\IMG\left_2019_07_22_10_05_44_681.jpg,D:\car1\IMG\right_2019_07_22_10_05_44_681.jpg,0,1,0,21.5525
D:\car1\IMG\center_2019_07_22_10_05_44_785.jpg,D:\car1\IMG\left_2019_07_22_10_05_44_785.jpg,D:\car1\IMG\right_2019_07_22_10_05_44_785.jpg,0,1,0,22.50028
D:\car1\IMG\center_2019_07_22_10_05_44_892.jpg,D:\car1\IMG\left_2019_07_22_10_05_44_892.jpg,D:\car1\IMG\right_2019_07_22_10_05_44_892.jpg,0,1,0,23.68843
D:\car1\IMG\center_2019_07_22_10_05_45_000.jpg,D:\car1\IMG\left_2019_07_22_10_05_45_000.jpg,D:\car1\IMG\right_2019_07_22_10_05_45_000.jpg,0,1,0,24.66355
D:\car1\IMG\center_2019_07_22_10_05_45_152.jpg,D:\car1\IMG\left_2019_07_22_10_05_45_152.jpg,D:\car1\IMG\right_2019_07_22_10_05_45_152.jpg,0,1,0,26.19449
D:\car1\IMG\center_2019_07_22_10_05_45_261.jpg,D:\car1\IMG\left_2019_07_22_10_05_45_261.jpg,D:\car1\IMG\right_2019_07_22_10_05_45_261.jpg,0,0.6702756,0,26.89702
D:\car1\IMG\center_2019_07_22_10_05_45_362.jpg,D:\car1\IMG\left_2019_07_22_10_05_45_362.jpg,D:\car1\IMG\right_2019_07_22_10_05_45_362.jpg,0,0.3682071,0,27.23085
D:\car1\IMG\center_2019_07_22_10_05_45_467.jpg,D:\car1\IMG\left_2019_07_22_10_05_45_467.jpg,D:\car1\IMG\right_2019_07_22_10_05_45_467.jpg,-0.1,0.05215375,0,27.1878
D:\car1\IMG\center_2019_07_22_10_05_45_577.jpg,D:\car1\IMG\left_2019_07_22_10_05_45_577.jpg,D:\car1\IMG\right_2019_07_22_10_05_45_577.jpg,-0.4,0,0,26.77079
D:\car1\IMG\center_2019_07_22_10_05_45_668.jpg,D:\car1\IMG\left_2019_07_22_10_05_45_668.jpg,D:\car1\IMG\right_2019_07_22_10_05_45_668.jpg,-0.6000001,0,0,26.38631
D:\car1\IMG\center_2019_07_22_10_05_45_753.jpg,D:\car1\IMG\left_2019_07_22_10_05_45_753.jpg,D:\car1\IMG\right_2019_07_22_10_05_45_753.jpg,0,0,0,25.96035
D:\car1\IMG\center_2019_07_22_10_05_45_841.jpg,D:\car1\IMG\left_2019_07_22_10_05_45_841.jpg,D:\car1\IMG\right_2019_07_22_10_05_45_841.jpg,0,0,0,25.73191
D:\car1\IMG\center_2019_07_22_10_05_45_944.jpg,D:\car1\IMG\left_2019_07_22_10_05_45_944.jpg,D:\car1\IMG\right_2019_07_22_10_05_45_944.jpg,-0.1,0,0,25.46954
D:\car1\IMG\center_2019_07_22_10_05_46_077.jpg,D:\car1\IMG\left_2019_07_22_10_05_46_077.jpg,D:\car1\IMG\right_2019_07_22_10_05_46_077.jpg,0,0,0,25.08996
D:\car1\IMG\center_2019_07_22_10_05_46_238.jpg,D:\car1\IMG\left_2019_07_22_10_05_46_238.jpg,D:\car1\IMG\right_2019_07_22_10_05_46_238.jpg,0,0,0,24.68711
D:\car1\IMG\center_2019_07_22_10_05_46_317.jpg,D:\car1\IMG\left_2019_07_22_10_05_46_317.jpg,D:\car1\IMG\right_2019_07_22_10_05_46_317.jpg,0,0,0,24.48859
D:\car1\IMG\center_2019_07_22_10_05_46_389.jpg,D:\car1\IMG\left_2019_07_22_10_05_46_389.jpg,D:\car1\IMG\right_2019_07_22_10_05_46_389.jpg,0,0,0,24.34077
D:\car1\IMG\center_2019_07_22_10_05_46_475.jpg,D:\car1\IMG\left_2019_07_22_10_05_46_475.jpg,D:\car1\IMG\right_2019_07_22_10_05_46_475.jpg,0,0,0,24.09638
D:\car1\IMG\center_2019_07_22_10_05_46_578.jpg,D:\car1\IMG\left_2019_07_22_10_05_46_578.jpg,D:\car1\IMG\right_2019_07_22_10_05_46_578.jpg,0,0,0,23.85445
D:\car1\IMG\center_2019_07_22_10_05_46_679.jpg,D:\car1\IMG\left_2019_07_22_10_05_46_679.jpg,D:\car1\IMG\right_2019_07_22_10_05_46_679.jpg,0,0,0,23.61495
D:\car1\IMG\center_2019_07_22_10_05_46_772.jpg,D:\car1\IMG\left_2019_07_22_10_05_46_772.jpg,D:\car1\IMG\right_2019_07_22_10_05_46_772.jpg,0,0,0,23.37785
D:\car1\IMG\center_2019_07_22_10_05_46_870.jpg,D:\car1\IMG\left_2019_07_22_10_05_46_870.jpg,D:\car1\IMG\right_2019_07_22_10_05_46_870.jpg,0,0,0,23.18989
D:\car1\IMG\center_2019_07_22_10_05_46_968.jpg,D:\car1\IMG\left_2019_07_22_10_05_46_968.jpg,D:\car1\IMG\right_2019_07_22_10_05_46_968.jpg,0,0,0,22.95706
D:\car1\IMG\center_2019_07_22_10_05_47_063.jpg,D:\car1\IMG\left_2019_07_22_10_05_47_063.jpg,D:\car1\IMG\right_2019_07_22_10_05_47_063.jpg,0,0,0,22.72658
D:\car1\IMG\center_2019_07_22_10_05_47_160.jpg,D:\car1\IMG\left_2019_07_22_10_05_47_160.jpg,D:\car1\IMG\right_2019_07_22_10_05_47_160.jpg,0,0,0,22.4984
D:\car1\IMG\center_2019_07_22_10_05_47_253.jpg,D:\car1\IMG\left_2019_07_22_10_05_47_253.jpg,D:\car1\IMG\right_2019_07_22_10_05_47_253.jpg,0.25,0,0,22.2422
D:\car1\IMG\center_2019_07_22_10_05_47_321.jpg,D:\car1\IMG\left_2019_07_22_10_05_47_321.jpg,D:\car1\IMG\right_2019_07_22_10_05_47_321.jpg,0,0,0,22.10357
D:\car1\IMG\center_2019_07_22_10_05_47_404.jpg,D:\car1\IMG\left_2019_07_22_10_05_47_404.jpg,D:\car1\IMG\right_2019_07_22_10_05_47_404.jpg,0,0,0,21.92521
D:\car1\IMG\center_2019_07_22_10_05_47_527.jpg,D:\car1\IMG\left_2019_07_22_10_05_47_527.jpg,D:\car1\IMG\right_2019_07_22_10_05_47_527.jpg,0.15,0,0,21.65465
D:\car1\IMG\center_2019_07_22_10_05_47_600.jpg,D:\car1\IMG\left_2019_07_22_10_05_47_600.jpg,D:\car1\IMG\right_2019_07_22_10_05_47_600.jpg,0.35,0,0,21.4243
D:\car1\IMG\center_2019_07_22_10_05_47_665.jpg,D:\car1\IMG\left_2019_07_22_10_05_47_665.jpg,D:\car1\IMG\right_2019_07_22_10_05_47_665.jpg,0,0,0,21.28576
D:\car1\IMG\center_2019_07_22_10_05_47_788.jpg,D:\car1\IMG\left_2019_07_22_10_05_47_788.jpg,D:\car1\IMG\right_2019_07_22_10_05_47_788.jpg,0.3,0,0,21.00272
D:\car1\IMG\center_2019_07_22_10_05_47_916.jpg,D:\car1\IMG\left_2019_07_22_10_05_47_916.jpg,D:\car1\IMG\right_2019_07_22_10_05_47_916.jpg,0.6500001,0,0,20.4992
D:\car1\IMG\center_2019_07_22_10_05_48_040.jpg,D:\car1\IMG\left_2019_07_22_10_05_48_040.jpg,D:\car1\IMG\right_2019_07_22_10_05_48_040.jpg,0.9500002,0,0,20.05227
D:\car1\IMG\center_2019_07_22_10_05_48_174.jpg,D:\car1\IMG\left_2019_07_22_10_05_48_174.jpg,D:\car1\IMG\right_2019_07_22_10_05_48_174.jpg,1,0,0,19.61526
D:\car1\IMG\center_2019_07_22_10_05_48_331.jpg,D:\car1\IMG\left_2019_07_22_10_05_48_331.jpg,D:\car1\IMG\right_2019_07_22_10_05_48_331.jpg,1,0,0,19.01432
D:\car1\IMG\center_2019_07_22_10_05_48_410.jpg,D:\car1\IMG\left_2019_07_22_10_05_48_410.jpg,D:\car1\IMG\right_2019_07_22_10_05_48_410.jpg,1,0,0,18.93189
D:\car1\IMG\center_2019_07_22_10_05_48_500.jpg,D:\car1\IMG\left_2019_07_22_10_05_48_500.jpg,D:\car1\IMG\right_2019_07_22_10_05_48_500.jpg,1,0,0,18.48479
D:\car1\IMG\center_2019_07_22_10_05_48_563.jpg,D:\car1\IMG\left_2019_07_22_10_05_48_563.jpg,D:\car1\IMG\right_2019_07_22_10_05_48_563.jpg,1,0,0,18.28609
D:\car1\IMG\center_2019_07_22_10_05_48_640.jpg,D:\car1\IMG\left_2019_07_22_10_05_48_640.jpg,D:\car1\IMG\right_2019_07_22_10_05_48_640.jpg,1,0,0,18.0456
D:\car1\IMG\center_2019_07_22_10_05_48_724.jpg,D:\car1\IMG\left_2019_07_22_10_05_48_724.jpg,D:\car1\IMG\right_2019_07_22_10_05_48_724.jpg,1,0,0,17.87001
D:\car1\IMG\center_2019_07_22_10_05_48_814.jpg,D:\car1\IMG\left_2019_07_22_10_05_48_814.jpg,D:\car1\IMG\right_2019_07_22_10_05_48_814.jpg,1,0,0,17.78492
D:\car1\IMG\center_2019_07_22_10_05_48_907.jpg,D:\car1\IMG\left_2019_07_22_10_05_48_907.jpg,D:\car1\IMG\right_2019_07_22_10_05_48_907.jpg,0,0,0,17.60866
D:\car1\IMG\center_2019_07_22_10_05_49_005.jpg,D:\car1\IMG\left_2019_07_22_10_05_49_005.jpg,D:\car1\IMG\right_2019_07_22_10_05_49_005.jpg,0,0,0,17.06481
D:\car1\IMG\center_2019_07_22_10_05_49_125.jpg,D:\car1\IMG\left_2019_07_22_10_05_49_125.jpg,D:\car1\IMG\right_2019_07_22_10_05_49_125.jpg,0,0,0,16.74793
D:\car1\IMG\center_2019_07_22_10_05_49_229.jpg,D:\car1\IMG\left_2019_07_22_10_05_49_229.jpg,D:\car1\IMG\right_2019_07_22_10_05_49_229.jpg,0.3,0,0,16.46992
D:\car1\IMG\center_2019_07_22_10_05_49_331.jpg,D:\car1\IMG\left_2019_07_22_10_05_49_331.jpg,D:\car1\IMG\right_2019_07_22_10_05_49_331.jpg,0.5500001,0,0,16.37996
D:\car1\IMG\center_2019_07_22_10_05_49_432.jpg,D:\car1\IMG\left_2019_07_22_10_05_49_432.jpg,D:\car1\IMG\right_2019_07_22_10_05_49_432.jpg,0.8000001,0,0,15.60485
D:\car1\IMG\center_2019_07_22_10_05_49_547.jpg,D:\car1\IMG\left_2019_07_22_10_05_49_547.jpg,D:\car1\IMG\right_2019_07_22_10_05_49_547.jpg,0,0,0,15.18439
D:\car1\IMG\center_2019_07_22_10_05_49_641.jpg,D:\car1\IMG\left_2019_07_22_10_05_49_641.jpg,D:\car1\IMG\right_2019_07_22_10_05_49_641.jpg,0.1,0,0,14.91654
D:\car1\IMG\center_2019_07_22_10_05_49_749.jpg,D:\car1\IMG\left_2019_07_22_10_05_49_749.jpg,D:\car1\IMG\right_2019_07_22_10_05_49_749.jpg,0.4,0,0,14.70947
D:\car1\IMG\center_2019_07_22_10_05_49_897.jpg,D:\car1\IMG\left_2019_07_22_10_05_49_897.jpg,D:\car1\IMG\right_2019_07_22_10_05_49_897.jpg,0,0,0,14.51222
D:\car1\IMG\center_2019_07_22_10_05_49_984.jpg,D:\car1\IMG\left_2019_07_22_10_05_49_984.jpg,D:\car1\IMG\right_2019_07_22_10_05_49_984.jpg,0,0,0,14.88701
D:\car1\IMG\center_2019_07_22_10_05_50_061.jpg,D:\car1\IMG\left_2019_07_22_10_05_50_061.jpg,D:\car1\IMG\right_2019_07_22_10_05_50_061.jpg,0,0,0,14.779
D:\car1\IMG\center_2019_07_22_10_05_50_135.jpg,D:\car1\IMG\left_2019_07_22_10_05_50_135.jpg,D:\car1\IMG\right_2019_07_22_10_05_50_135.jpg,0,0,0,14.65518
D:\car1\IMG\center_2019_07_22_10_05_50_208.jpg,D:\car1\IMG\left_2019_07_22_10_05_50_208.jpg,D:\car1\IMG\right_2019_07_22_10_05_50_208.jpg,0,0,0,14.09219
D:\car1\IMG\center_2019_07_22_10_05_50_283.jpg,D:\car1\IMG\left_2019_07_22_10_05_50_283.jpg,D:\car1\IMG\right_2019_07_22_10_05_50_283.jpg,-0.2,0,0,13.9492
D:\car1\IMG\center_2019_07_22_10_05_50_357.jpg,D:\car1\IMG\left_2019_07_22_10_05_50_357.jpg,D:\car1\IMG\right_2019_07_22_10_05_50_357.jpg,-0.4,0,0,13.72504
D:\car1\IMG\center_2019_07_22_10_05_50_422.jpg,D:\car1\IMG\left_2019_07_22_10_05_50_422.jpg,D:\car1\IMG\right_2019_07_22_10_05_50_422.jpg,0,0,0,14.17048
D:\car1\IMG\center_2019_07_22_10_05_50_522.jpg,D:\car1\IMG\left_2019_07_22_10_05_50_522.jpg,D:\car1\IMG\right_2019_07_22_10_05_50_522.jpg,-0.25,0,0,13.45657
D:\car1\IMG\center_2019_07_22_10_05_50_646.jpg,D:\car1\IMG\left_2019_07_22_10_05_50_646.jpg,D:\car1\IMG\right_2019_07_22_10_05_50_646.jpg,0,0,0,13.76128
D:\car1\IMG\center_2019_07_22_10_05_50_728.jpg,D:\car1\IMG\left_2019_07_22_10_05_50_728.jpg,D:\car1\IMG\right_2019_07_22_10_05_50_728.jpg,0,0,0,13.66786
D:\car1\IMG\center_2019_07_22_10_05_50_813.jpg,D:\car1\IMG\left_2019_07_22_10_05_50_813.jpg,D:\car1\IMG\right_2019_07_22_10_05_50_813.jpg,0,0,0,13.5209
D:\car1\IMG\center_2019_07_22_10_05_50_898.jpg,D:\car1\IMG\left_2019_07_22_10_05_50_898.jpg,D:\car1\IMG\right_2019_07_22_10_05_50_898.jpg,0,0,0,13.41823
D:\car1\IMG\center_2019_07_22_10_05_51_027.jpg,D:\car1\IMG\left_2019_07_22_10_05_51_027.jpg,D:\car1\IMG\right_2019_07_22_10_05_51_027.jpg,-0.15,0,0,13.26312
D:\car1\IMG\center_2019_07_22_10_05_51_151.jpg,D:\car1\IMG\left_2019_07_22_10_05_51_151.jpg,D:\car1\IMG\right_2019_07_22_10_05_51_151.jpg,-0.45,0,0,12.96289
D:\car1\IMG\center_2019_07_22_10_05_51_258.jpg,D:\car1\IMG\left_2019_07_22_10_05_51_258.jpg,D:\car1\IMG\right_2019_07_22_10_05_51_258.jpg,-0.7500002,0,0,12.70156
D:\car1\IMG\center_2019_07_22_10_05_51_364.jpg,D:\car1\IMG\left_2019_07_22_10_05_51_364.jpg,D:\car1\IMG\right_2019_07_22_10_05_51_364.jpg,0,0,0,11.97381
D:\car1\IMG\center_2019_07_22_10_05_51_470.jpg,D:\car1\IMG\left_2019_07_22_10_05_51_470.jpg,D:\car1\IMG\right_2019_07_22_10_05_51_470.jpg,-0.1,0,0,12.27773
D:\car1\IMG\center_2019_07_22_10_05_51_580.jpg,D:\car1\IMG\left_2019_07_22_10_05_51_580.jpg,D:\car1\IMG\right_2019_07_22_10_05_51_580.jpg,0,0,0,12.09106
D:\car1\IMG\center_2019_07_22_10_05_51_749.jpg,D:\car1\IMG\left_2019_07_22_10_05_51_749.jpg,D:\car1\IMG\right_2019_07_22_10_05_51_749.jpg,0,0,0,11.73991
D:\car1\IMG\center_2019_07_22_10_05_51_802.jpg,D:\car1\IMG\left_2019_07_22_10_05_51_802.jpg,D:\car1\IMG\right_2019_07_22_10_05_51_802.jpg,0,0,0,11.6336
D:\car1\IMG\center_2019_07_22_10_05_51_911.jpg,D:\car1\IMG\left_2019_07_22_10_05_51_911.jpg,D:\car1\IMG\right_2019_07_22_10_05_51_911.jpg,-0.3,0,0,11.36782
D:\car1\IMG\center_2019_07_22_10_05_51_987.jpg,D:\car1\IMG\left_2019_07_22_10_05_51_987.jpg,D:\car1\IMG\right_2019_07_22_10_05_51_987.jpg,-0.5000001,0,0,11.22698
D:\car1\IMG\center_2019_07_22_10_05_52_057.jpg,D:\car1\IMG\left_2019_07_22_10_05_52_057.jpg,D:\car1\IMG\right_2019_07_22_10_05_52_057.jpg,-0.7,0,0,11.21388
D:\car1\IMG\center_2019_07_22_10_05_52_146.jpg,D:\car1\IMG\left_2019_07_22_10_05_52_146.jpg,D:\car1\IMG\right_2019_07_22_10_05_52_146.jpg,-0.9000002,0,0,11.0076
D:\car1\IMG\center_2019_07_22_10_05_52_272.jpg,D:\car1\IMG\left_2019_07_22_10_05_52_272.jpg,D:\car1\IMG\right_2019_07_22_10_05_52_272.jpg,0,0,0,10.66088
D:\car1\IMG\center_2019_07_22_10_05_52_385.jpg,D:\car1\IMG\left_2019_07_22_10_05_52_385.jpg,D:\car1\IMG\right_2019_07_22_10_05_52_385.jpg,-0.15,0,0,10.55013
D:\car1\IMG\center_2019_07_22_10_05_52_509.jpg,D:\car1\IMG\left_2019_07_22_10_05_52_509.jpg,D:\car1\IMG\right_2019_07_22_10_05_52_509.jpg,-0.45,0,0,10.47089
D:\car1\IMG\center_2019_07_22_10_05_52_629.jpg,D:\car1\IMG\left_2019_07_22_10_05_52_629.jpg,D:\car1\IMG\right_2019_07_22_10_05_52_629.jpg,-0.7500002,0,0,10.30354
D:\car1\IMG\center_2019_07_22_10_05_52_746.jpg,D:\car1\IMG\left_2019_07_22_10_05_52_746.jpg,D:\car1\IMG\right_2019_07_22_10_05_52_746.jpg,-1,0,0,10.07373
D:\car1\IMG\center_2019_07_22_10_05_52_843.jpg,D:\car1\IMG\left_2019_07_22_10_05_52_843.jpg,D:\car1\IMG\right_2019_07_22_10_05_52_843.jpg,-1,0,0,9.957273
D:\car1\IMG\center_2019_07_22_10_05_52_918.jpg,D:\car1\IMG\left_2019_07_22_10_05_52_918.jpg,D:\car1\IMG\right_2019_07_22_10_05_52_918.jpg,-1,0,0,9.941319
D:\car1\IMG\center_2019_07_22_10_05_52_997.jpg,D:\car1\IMG\left_2019_07_22_10_05_52_997.jpg,D:\car1\IMG\right_2019_07_22_10_05_52_997.jpg,-1,0,0,9.951716
D:\car1\IMG\center_2019_07_22_10_05_53_082.jpg,D:\car1\IMG\left_2019_07_22_10_05_53_082.jpg,D:\car1\IMG\right_2019_07_22_10_05_53_082.jpg,-1,0,0,9.961429
D:\car1\IMG\center_2019_07_22_10_05_53_189.jpg,D:\car1\IMG\left_2019_07_22_10_05_53_189.jpg,D:\car1\IMG\right_2019_07_22_10_05_53_189.jpg,-1,0,0,9.976919
D:\car1\IMG\center_2019_07_22_10_05_53_312.jpg,D:\car1\IMG\left_2019_07_22_10_05_53_312.jpg,D:\car1\IMG\right_2019_07_22_10_05_53_312.jpg,-1,0,0,10.00341
D:\car1\IMG\center_2019_07_22_10_05_53_433.jpg,D:\car1\IMG\left_2019_07_22_10_05_53_433.jpg,D:\car1\IMG\right_2019_07_22_10_05_53_433.jpg,-1,0,0,10.03706
D:\car1\IMG\center_2019_07_22_10_05_53_502.jpg,D:\car1\IMG\left_2019_07_22_10_05_53_502.jpg,D:\car1\IMG\right_2019_07_22_10_05_53_502.jpg,-1,0,0,10.0506
D:\car1\IMG\center_2019_07_22_10_05_53_626.jpg,D:\car1\IMG\left_2019_07_22_10_05_53_626.jpg,D:\car1\IMG\right_2019_07_22_10_05_53_626.jpg,0,0,0,9.981442
D:\car1\IMG\center_2019_07_22_10_05_53_745.jpg,D:\car1\IMG\left_2019_07_22_10_05_53_745.jpg,D:\car1\IMG\right_2019_07_22_10_05_53_745.jpg,0,0,0,10.04494
D:\car1\IMG\center_2019_07_22_10_05_53_837.jpg,D:\car1\IMG\left_2019_07_22_10_05_53_837.jpg,D:\car1\IMG\right_2019_07_22_10_05_53_837.jpg,0,0,0,10.21123
D:\car1\IMG\center_2019_07_22_10_05_53_952.jpg,D:\car1\IMG\left_2019_07_22_10_05_53_952.jpg,D:\car1\IMG\right_2019_07_22_10_05_53_952.jpg,0,0,0,10.42001
D:\car1\IMG\center_2019_07_22_10_05_54_026.jpg,D:\car1\IMG\left_2019_07_22_10_05_54_026.jpg,D:\car1\IMG\right_2019_07_22_10_05_54_026.jpg,0,0,0,10.52071
D:\car1\IMG\center_2019_07_22_10_05_54_138.jpg,D:\car1\IMG\left_2019_07_22_10_05_54_138.jpg,D:\car1\IMG\right_2019_07_22_10_05_54_138.jpg,0,0,0,10.72718
D:\car1\IMG\center_2019_07_22_10_05_54_248.jpg,D:\car1\IMG\left_2019_07_22_10_05_54_248.jpg,D:\car1\IMG\right_2019_07_22_10_05_54_248.jpg,0,0,0,10.93072
D:\car1\IMG\center_2019_07_22_10_05_54_354.jpg,D:\car1\IMG\left_2019_07_22_10_05_54_354.jpg,D:\car1\IMG\right_2019_07_22_10_05_54_354.jpg,0,0,0,11.22896
D:\car1\IMG\center_2019_07_22_10_05_54_457.jpg,D:\car1\IMG\left_2019_07_22_10_05_54_457.jpg,D:\car1\IMG\right_2019_07_22_10_05_54_457.jpg,0,0,0,11.27564
D:\car1\IMG\center_2019_07_22_10_05_54_589.jpg,D:\car1\IMG\left_2019_07_22_10_05_54_589.jpg,D:\car1\IMG\right_2019_07_22_10_05_54_589.jpg,0,0.1634457,0,11.9376
D:\car1\IMG\center_2019_07_22_10_05_54_694.jpg,D:\car1\IMG\left_2019_07_22_10_05_54_694.jpg,D:\car1\IMG\right_2019_07_22_10_05_54_694.jpg,0,0.4925641,0,12.84147
D:\car1\IMG\center_2019_07_22_10_05_54_799.jpg,D:\car1\IMG\left_2019_07_22_10_05_54_799.jpg,D:\car1\IMG\right_2019_07_22_10_05_54_799.jpg,0,0.800157,0,13.85963
D:\car1\IMG\center_2019_07_22_10_05_54_904.jpg,D:\car1\IMG\left_2019_07_22_10_05_54_904.jpg,D:\car1\IMG\right_2019_07_22_10_05_54_904.jpg,0,0.7370859,0,15.34196
D:\car1\IMG\center_2019_07_22_10_05_55_044.jpg,D:\car1\IMG\left_2019_07_22_10_05_55_044.jpg,D:\car1\IMG\right_2019_07_22_10_05_55_044.jpg,0,0.4052885,0,16.28896
D:\car1\IMG\center_2019_07_22_10_05_55_116.jpg,D:\car1\IMG\left_2019_07_22_10_05_55_116.jpg,D:\car1\IMG\right_2019_07_22_10_05_55_116.jpg,0,0.1288246,0,16.77154
D:\car1\IMG\center_2019_07_22_10_05_55_181.jpg,D:\car1\IMG\left_2019_07_22_10_05_55_181.jpg,D:\car1\IMG\right_2019_07_22_10_05_55_181.jpg,-0.2,0,0,16.94515
D:\car1\IMG\center_2019_07_22_10_05_55_268.jpg,D:\car1\IMG\left_2019_07_22_10_05_55_268.jpg,D:\car1\IMG\right_2019_07_22_10_05_55_268.jpg,-0.4,0,0,17.14584
D:\car1\IMG\center_2019_07_22_10_05_55_375.jpg,D:\car1\IMG\left_2019_07_22_10_05_55_375.jpg,D:\car1\IMG\right_2019_07_22_10_05_55_375.jpg,-0.7,0,0,17.49441
D:\car1\IMG\center_2019_07_22_10_05_55_488.jpg,D:\car1\IMG\left_2019_07_22_10_05_55_488.jpg,D:\car1\IMG\right_2019_07_22_10_05_55_488.jpg,-0.9500002,0,0,17.36643
D:\car1\IMG\center_2019_07_22_10_05_55_592.jpg,D:\car1\IMG\left_2019_07_22_10_05_55_592.jpg,D:\car1\IMG\right_2019_07_22_10_05_55_592.jpg,-1,0,0,17.51437
D:\car1\IMG\center_2019_07_22_10_05_55_694.jpg,D:\car1\IMG\left_2019_07_22_10_05_55_694.jpg,D:\car1\IMG\right_2019_07_22_10_05_55_694.jpg,0,0,0,17.66323
D:\car1\IMG\center_2019_07_22_10_05_55_779.jpg,D:\car1\IMG\left_2019_07_22_10_05_55_779.jpg,D:\car1\IMG\right_2019_07_22_10_05_55_779.jpg,0,0,0,17.85853
D:\car1\IMG\center_2019_07_22_10_05_55_885.jpg,D:\car1\IMG\left_2019_07_22_10_05_55_885.jpg,D:\car1\IMG\right_2019_07_22_10_05_55_885.jpg,0,0,0,18.00677
D:\car1\IMG\center_2019_07_22_10_05_56_017.jpg,D:\car1\IMG\left_2019_07_22_10_05_56_017.jpg,D:\car1\IMG\right_2019_07_22_10_05_56_017.jpg,0,0,0,18.45881
D:\car1\IMG\center_2019_07_22_10_05_56_098.jpg,D:\car1\IMG\left_2019_07_22_10_05_56_098.jpg,D:\car1\IMG\right_2019_07_22_10_05_56_098.jpg,0,0,0,18.72292
D:\car1\IMG\center_2019_07_22_10_05_56_169.jpg,D:\car1\IMG\left_2019_07_22_10_05_56_169.jpg,D:\car1\IMG\right_2019_07_22_10_05_56_169.jpg,0,0.2747343,0,18.87959
D:\car1\IMG\center_2019_07_22_10_05_56_245.jpg,D:\car1\IMG\left_2019_07_22_10_05_56_245.jpg,D:\car1\IMG\right_2019_07_22_10_05_56_245.jpg,0,0.5477706,0,19.56124
D:\car1\IMG\center_2019_07_22_10_05_56_339.jpg,D:\car1\IMG\left_2019_07_22_10_05_56_339.jpg,D:\car1\IMG\right_2019_07_22_10_05_56_339.jpg,0,0.8165659,0,20.82629
D:\car1\IMG\center_2019_07_22_10_05_56_466.jpg,D:\car1\IMG\left_2019_07_22_10_05_56_466.jpg,D:\car1\IMG\right_2019_07_22_10_05_56_466.jpg,0,1,0,22.12053
D:\car1\IMG\center_2019_07_22_10_05_56_571.jpg,D:\car1\IMG\left_2019_07_22_10_05_56_571.jpg,D:\car1\IMG\right_2019_07_22_10_05_56_571.jpg,0,1,0,23.8685
D:\car1\IMG\center_2019_07_22_10_05_56_720.jpg,D:\car1\IMG\left_2019_07_22_10_05_56_720.jpg,D:\car1\IMG\right_2019_07_22_10_05_56_720.jpg,0,1,0,25.48273
D:\car1\IMG\center_2019_07_22_10_05_56_767.jpg,D:\car1\IMG\left_2019_07_22_10_05_56_767.jpg,D:\car1\IMG\right_2019_07_22_10_05_56_767.jpg,0,0.7951231,0,26.18152
D:\car1\IMG\center_2019_07_22_10_05_56_917.jpg,D:\car1\IMG\left_2019_07_22_10_05_56_917.jpg,D:\car1\IMG\right_2019_07_22_10_05_56_917.jpg,0,0.3968066,0,26.86491
D:\car1\IMG\center_2019_07_22_10_05_56_966.jpg,D:\car1\IMG\left_2019_07_22_10_05_56_966.jpg,D:\car1\IMG\right_2019_07_22_10_05_56_966.jpg,0,0.1948669,0,26.98328
D:\car1\IMG\center_2019_07_22_10_05_57_100.jpg,D:\car1\IMG\left_2019_07_22_10_05_57_100.jpg,D:\car1\IMG\right_2019_07_22_10_05_57_100.jpg,0,0.2246557,0,26.9751
D:\car1\IMG\center_2019_07_22_10_05_57_167.jpg,D:\car1\IMG\left_2019_07_22_10_05_57_167.jpg,D:\car1\IMG\right_2019_07_22_10_05_57_167.jpg,0,0.4269885,0,27.14454
D:\car1\IMG\center_2019_07_22_10_05_57_249.jpg,D:\car1\IMG\left_2019_07_22_10_05_57_249.jpg,D:\car1\IMG\right_2019_07_22_10_05_57_249.jpg,0,0.6650151,0,27.59355
D:\car1\IMG\center_2019_07_22_10_05_57_315.jpg,D:\car1\IMG\left_2019_07_22_10_05_57_315.jpg,D:\car1\IMG\right_2019_07_22_10_05_57_315.jpg,0,0.8762286,0,28.21142
D:\car1\IMG\center_2019_07_22_10_05_57_436.jpg,D:\car1\IMG\left_2019_07_22_10_05_57_436.jpg,D:\car1\IMG\right_2019_07_22_10_05_57_436.jpg,0,0.8128754,0,29.15574
D:\car1\IMG\center_2019_07_22_10_05_57_515.jpg,D:\car1\IMG\left_2019_07_22_10_05_57_515.jpg,D:\car1\IMG\right_2019_07_22_10_05_57_515.jpg,0,0.6095209,0,29.8568
D:\car1\IMG\center_2019_07_22_10_05_57_614.jpg,D:\car1\IMG\left_2019_07_22_10_05_57_614.jpg,D:\car1\IMG\right_2019_07_22_10_05_57_614.jpg,0,0.2762963,0,30.06265
D:\car1\IMG\center_2019_07_22_10_05_57_718.jpg,D:\car1\IMG\left_2019_07_22_10_05_57_718.jpg,D:\car1\IMG\right_2019_07_22_10_05_57_718.jpg,0,0,0,30.0201
D:\car1\IMG\center_2019_07_22_10_05_57_813.jpg,D:\car1\IMG\left_2019_07_22_10_05_57_813.jpg,D:\car1\IMG\right_2019_07_22_10_05_57_813.jpg,0,0,0,30.04224
D:\car1\IMG\center_2019_07_22_10_05_57_890.jpg,D:\car1\IMG\left_2019_07_22_10_05_57_890.jpg,D:\car1\IMG\right_2019_07_22_10_05_57_890.jpg,0,0,0,30.00787
D:\car1\IMG\center_2019_07_22_10_05_57_979.jpg,D:\car1\IMG\left_2019_07_22_10_05_57_979.jpg,D:\car1\IMG\right_2019_07_22_10_05_57_979.jpg,0,0,0,30.04408
D:\car1\IMG\center_2019_07_22_10_05_58_068.jpg,D:\car1\IMG\left_2019_07_22_10_05_58_068.jpg,D:\car1\IMG\right_2019_07_22_10_05_58_068.jpg,0,0,0,30.04118
D:\car1\IMG\center_2019_07_22_10_05_58_158.jpg,D:\car1\IMG\left_2019_07_22_10_05_58_158.jpg,D:\car1\IMG\right_2019_07_22_10_05_58_158.jpg,0,0,0,30.0456
D:\car1\IMG\center_2019_07_22_10_05_58_249.jpg,D:\car1\IMG\left_2019_07_22_10_05_58_249.jpg,D:\car1\IMG\right_2019_07_22_10_05_58_249.jpg,0,0,0,30.03171
D:\car1\IMG\center_2019_07_22_10_05_58_350.jpg,D:\car1\IMG\left_2019_07_22_10_05_58_350.jpg,D:\car1\IMG\right_2019_07_22_10_05_58_350.jpg,0.25,0,0,30.01146
D:\car1\IMG\center_2019_07_22_10_05_58_434.jpg,D:\car1\IMG\left_2019_07_22_10_05_58_434.jpg,D:\car1\IMG\right_2019_07_22_10_05_58_434.jpg,0.5000001,0,0,29.95639
D:\car1\IMG\center_2019_07_22_10_05_58_533.jpg,D:\car1\IMG\left_2019_07_22_10_05_58_533.jpg,D:\car1\IMG\right_2019_07_22_10_05_58_533.jpg,0,0,0,30.00735
D:\car1\IMG\center_2019_07_22_10_05_58_626.jpg,D:\car1\IMG\left_2019_07_22_10_05_58_626.jpg,D:\car1\IMG\right_2019_07_22_10_05_58_626.jpg,0,0,0,30.00821
D:\car1\IMG\center_2019_07_22_10_05_58_717.jpg,D:\car1\IMG\left_2019_07_22_10_05_58_717.jpg,D:\car1\IMG\right_2019_07_22_10_05_58_717.jpg,0.1,0,0,30.01718
D:\car1\IMG\center_2019_07_22_10_05_58_817.jpg,D:\car1\IMG\left_2019_07_22_10_05_58_817.jpg,D:\car1\IMG\right_2019_07_22_10_05_58_817.jpg,0.35,0,0,29.94788
D:\car1\IMG\center_2019_07_22_10_05_58_909.jpg,D:\car1\IMG\left_2019_07_22_10_05_58_909.jpg,D:\car1\IMG\right_2019_07_22_10_05_58_909.jpg,0.5500001,0,0,29.80061
D:\car1\IMG\center_2019_07_22_10_05_59_005.jpg,D:\car1\IMG\left_2019_07_22_10_05_59_005.jpg,D:\car1\IMG\right_2019_07_22_10_05_59_005.jpg,0.8000001,0,0,29.47427
D:\car1\IMG\center_2019_07_22_10_05_59_101.jpg,D:\car1\IMG\left_2019_07_22_10_05_59_101.jpg,D:\car1\IMG\right_2019_07_22_10_05_59_101.jpg,0,0,0,29.27905
D:\car1\IMG\center_2019_07_22_10_05_59_201.jpg,D:\car1\IMG\left_2019_07_22_10_05_59_201.jpg,D:\car1\IMG\right_2019_07_22_10_05_59_201.jpg,0,0,0,29.18329
D:\car1\IMG\center_2019_07_22_10_05_59_306.jpg,D:\car1\IMG\left_2019_07_22_10_05_59_306.jpg,D:\car1\IMG\right_2019_07_22_10_05_59_306.jpg,0.25,0,0,28.99861
D:\car1\IMG\center_2019_07_22_10_05_59_407.jpg,D:\car1\IMG\left_2019_07_22_10_05_59_407.jpg,D:\car1\IMG\right_2019_07_22_10_05_59_407.jpg,0.5000001,0,0,28.72316
D:\car1\IMG\center_2019_07_22_10_05_59_550.jpg,D:\car1\IMG\left_2019_07_22_10_05_59_550.jpg,D:\car1\IMG\right_2019_07_22_10_05_59_550.jpg,0.8500001,0,0,28.08268
D:\car1\IMG\center_2019_07_22_10_05_59_621.jpg,D:\car1\IMG\left_2019_07_22_10_05_59_621.jpg,D:\car1\IMG\right_2019_07_22_10_05_59_621.jpg,1,0,0,27.29172
D:\car1\IMG\center_2019_07_22_10_05_59_694.jpg,D:\car1\IMG\left_2019_07_22_10_05_59_694.jpg,D:\car1\IMG\right_2019_07_22_10_05_59_694.jpg,1,0,0,26.88574
D:\car1\IMG\center_2019_07_22_10_05_59_821.jpg,D:\car1\IMG\left_2019_07_22_10_05_59_821.jpg,D:\car1\IMG\right_2019_07_22_10_05_59_821.jpg,1,0,0,25.99621
D:\car1\IMG\center_2019_07_22_10_05_59_989.jpg,D:\car1\IMG\left_2019_07_22_10_05_59_989.jpg,D:\car1\IMG\right_2019_07_22_10_05_59_989.jpg,1,0,0,24.43628
D:\car1\IMG\center_2019_07_22_10_06_00_049.jpg,D:\car1\IMG\left_2019_07_22_10_06_00_049.jpg,D:\car1\IMG\right_2019_07_22_10_06_00_049.jpg,1,0,0,24.21829
D:\car1\IMG\center_2019_07_22_10_06_00_152.jpg,D:\car1\IMG\left_2019_07_22_10_06_00_152.jpg,D:\car1\IMG\right_2019_07_22_10_06_00_152.jpg,1,0,0,22.98821
D:\car1\IMG\center_2019_07_22_10_06_00_255.jpg,D:\car1\IMG\left_2019_07_22_10_06_00_255.jpg,D:\car1\IMG\right_2019_07_22_10_06_00_255.jpg,1,0,0,8.515544
D:\car1\IMG\center_2019_07_22_10_06_00_363.jpg,D:\car1\IMG\left_2019_07_22_10_06_00_363.jpg,D:\car1\IMG\right_2019_07_22_10_06_00_363.jpg,1,0,0,6.580736
D:\car1\IMG\center_2019_07_22_10_06_00_446.jpg,D:\car1\IMG\left_2019_07_22_10_06_00_446.jpg,D:\car1\IMG\right_2019_07_22_10_06_00_446.jpg,1,0,0,3.630067
D:\car1\IMG\center_2019_07_22_10_06_00_546.jpg,D:\car1\IMG\left_2019_07_22_10_06_00_546.jpg,D:\car1\IMG\right_2019_07_22_10_06_00_546.jpg,1,0,0,2.131233
D:\car1\IMG\center_2019_07_22_10_06_00_637.jpg,D:\car1\IMG\left_2019_07_22_10_06_00_637.jpg,D:\car1\IMG\right_2019_07_22_10_06_00_637.jpg,1,0,0,1.41894
D:\car1\IMG\center_2019_07_22_10_06_00_696.jpg,D:\car1\IMG\left_2019_07_22_10_06_00_696.jpg,D:\car1\IMG\right_2019_07_22_10_06_00_696.jpg,1,0,0,0.7729234
D:\car1\IMG\center_2019_07_22_10_06_00_776.jpg,D:\car1\IMG\left_2019_07_22_10_06_00_776.jpg,D:\car1\IMG\right_2019_07_22_10_06_00_776.jpg,1,0,0,0.5892437
D:\car1\IMG\center_2019_07_22_10_06_00_852.jpg,D:\car1\IMG\left_2019_07_22_10_06_00_852.jpg,D:\car1\IMG\right_2019_07_22_10_06_00_852.jpg,1,0,0,0.1273539
D:\car1\IMG\center_2019_07_22_10_06_00_927.jpg,D:\car1\IMG\left_2019_07_22_10_06_00_927.jpg,D:\car1\IMG\right_2019_07_22_10_06_00_927.jpg,1,0,0,0.1543682
D:\car1\IMG\center_2019_07_22_10_06_01_002.jpg,D:\car1\IMG\left_2019_07_22_10_06_01_002.jpg,D:\car1\IMG\right_2019_07_22_10_06_01_002.jpg,1,0,0,0.1593201
D:\car1\IMG\center_2019_07_22_10_06_01_084.jpg,D:\car1\IMG\left_2019_07_22_10_06_01_084.jpg,D:\car1\IMG\right_2019_07_22_10_06_01_084.jpg,1,0,0,0.1359892
D:\car1\IMG\center_2019_07_22_10_06_01_153.jpg,D:\car1\IMG\left_2019_07_22_10_06_01_153.jpg,D:\car1\IMG\right_2019_07_22_10_06_01_153.jpg,1,0,0,0.09797719
D:\car1\IMG\center_2019_07_22_10_06_01_244.jpg,D:\car1\IMG\left_2019_07_22_10_06_01_244.jpg,D:\car1\IMG\right_2019_07_22_10_06_01_244.jpg,1,0,0,0.05817736
D:\car1\IMG\center_2019_07_22_10_06_01_337.jpg,D:\car1\IMG\left_2019_07_22_10_06_01_337.jpg,D:\car1\IMG\right_2019_07_22_10_06_01_337.jpg,1,0,0,0.03461236
D:\car1\IMG\center_2019_07_22_10_06_01_421.jpg,D:\car1\IMG\left_2019_07_22_10_06_01_421.jpg,D:\car1\IMG\right_2019_07_22_10_06_01_421.jpg,1,0,0,0.03200395
D:\car1\IMG\center_2019_07_22_10_06_01_498.jpg,D:\car1\IMG\left_2019_07_22_10_06_01_498.jpg,D:\car1\IMG\right_2019_07_22_10_06_01_498.jpg,1,0,0,0.03332762
D:\car1\IMG\center_2019_07_22_10_06_01_591.jpg,D:\car1\IMG\left_2019_07_22_10_06_01_591.jpg,D:\car1\IMG\right_2019_07_22_10_06_01_591.jpg,1,0,0,0.03443564
D:\car1\IMG\center_2019_07_22_10_06_01_682.jpg,D:\car1\IMG\left_2019_07_22_10_06_01_682.jpg,D:\car1\IMG\right_2019_07_22_10_06_01_682.jpg,0,0,0,0.03332768
D:\car1\IMG\center_2019_07_22_10_06_01_798.jpg,D:\car1\IMG\left_2019_07_22_10_06_01_798.jpg,D:\car1\IMG\right_2019_07_22_10_06_01_798.jpg,0,0,0,0.007684691
D:\car1\IMG\center_2019_07_22_10_06_01_881.jpg,D:\car1\IMG\left_2019_07_22_10_06_01_881.jpg,D:\car1\IMG\right_2019_07_22_10_06_01_881.jpg,0,0,0,0.01951645
D:\car1\IMG\center_2019_07_22_10_06_01_964.jpg,D:\car1\IMG\left_2019_07_22_10_06_01_964.jpg,D:\car1\IMG\right_2019_07_22_10_06_01_964.jpg,0,0,0,0.0198561
D:\car1\IMG\center_2019_07_22_10_06_02_034.jpg,D:\car1\IMG\left_2019_07_22_10_06_02_034.jpg,D:\car1\IMG\right_2019_07_22_10_06_02_034.jpg,0,0,0,0.01470553
D:\car1\IMG\center_2019_07_22_10_06_02_186.jpg,D:\car1\IMG\left_2019_07_22_10_06_02_186.jpg,D:\car1\IMG\right_2019_07_22_10_06_02_186.jpg,0,0,0,0.0148441
D:\car1\IMG\center_2019_07_22_10_06_02_261.jpg,D:\car1\IMG\left_2019_07_22_10_06_02_261.jpg,D:\car1\IMG\right_2019_07_22_10_06_02_261.jpg,0,0,0,0.007765418
D:\car1\IMG\center_2019_07_22_10_06_02_332.jpg,D:\car1\IMG\left_2019_07_22_10_06_02_332.jpg,D:\car1\IMG\right_2019_07_22_10_06_02_332.jpg,0,0,0,0.008817478
D:\car1\IMG\center_2019_07_22_10_06_02_433.jpg,D:\car1\IMG\left_2019_07_22_10_06_02_433.jpg,D:\car1\IMG\right_2019_07_22_10_06_02_433.jpg,0,0,0.234062,0.04780524
D:\car1\IMG\center_2019_07_22_10_06_02_506.jpg,D:\car1\IMG\left_2019_07_22_10_06_02_506.jpg,D:\car1\IMG\right_2019_07_22_10_06_02_506.jpg,0,0,0.4621398,0.01572963
D:\car1\IMG\center_2019_07_22_10_06_02_579.jpg,D:\car1\IMG\left_2019_07_22_10_06_02_579.jpg,D:\car1\IMG\right_2019_07_22_10_06_02_579.jpg,0,0,0.6763844,0.02038896
D:\car1\IMG\center_2019_07_22_10_06_02_661.jpg,D:\car1\IMG\left_2019_07_22_10_06_02_661.jpg,D:\car1\IMG\right_2019_07_22_10_06_02_661.jpg,0,0,0.9161023,0.02235677
D:\car1\IMG\center_2019_07_22_10_06_02_742.jpg,D:\car1\IMG\left_2019_07_22_10_06_02_742.jpg,D:\car1\IMG\right_2019_07_22_10_06_02_742.jpg,0,0,1,0.01953614
D:\car1\IMG\center_2019_07_22_10_06_02_829.jpg,D:\car1\IMG\left_2019_07_22_10_06_02_829.jpg,D:\car1\IMG\right_2019_07_22_10_06_02_829.jpg,0,0,1,0.01216765
D:\car1\IMG\center_2019_07_22_10_06_02_925.jpg,D:\car1\IMG\left_2019_07_22_10_06_02_925.jpg,D:\car1\IMG\right_2019_07_22_10_06_02_925.jpg,0,0,1,0.0196527
D:\car1\IMG\center_2019_07_22_10_06_02_997.jpg,D:\car1\IMG\left_2019_07_22_10_06_02_997.jpg,D:\car1\IMG\right_2019_07_22_10_06_02_997.jpg,0,0,0.7492357,0.015203
D:\car1\IMG\center_2019_07_22_10_06_03_126.jpg,D:\car1\IMG\left_2019_07_22_10_06_03_126.jpg,D:\car1\IMG\right_2019_07_22_10_06_03_126.jpg,0,0,0.4092407,0.01448941
D:\car1\IMG\center_2019_07_22_10_06_03_205.jpg,D:\car1\IMG\left_2019_07_22_10_06_03_205.jpg,D:\car1\IMG\right_2019_07_22_10_06_03_205.jpg,0,0,0.1729743,0.02688373
D:\car1\IMG\center_2019_07_22_10_06_03_283.jpg,D:\car1\IMG\left_2019_07_22_10_06_03_283.jpg,D:\car1\IMG\right_2019_07_22_10_06_03_283.jpg,0,0,0,0.0280267
D:\car1\IMG\center_2019_07_22_10_06_03_340.jpg,D:\car1\IMG\left_2019_07_22_10_06_03_340.jpg,D:\car1\IMG\right_2019_07_22_10_06_03_340.jpg,0,0,0,0.03014653
D:\car1\IMG\center_2019_07_22_10_06_03_418.jpg,D:\car1\IMG\left_2019_07_22_10_06_03_418.jpg,D:\car1\IMG\right_2019_07_22_10_06_03_418.jpg,0,0,0,0.03004212
D:\car1\IMG\center_2019_07_22_10_06_03_497.jpg,D:\car1\IMG\left_2019_07_22_10_06_03_497.jpg,D:\car1\IMG\right_2019_07_22_10_06_03_497.jpg,0,0,0,0.02886714
D:\car1\IMG\center_2019_07_22_10_06_03_570.jpg,D:\car1\IMG\left_2019_07_22_10_06_03_570.jpg,D:\car1\IMG\right_2019_07_22_10_06_03_570.jpg,0,0,0,0.02778172
D:\car1\IMG\center_2019_07_22_10_06_03_654.jpg,D:\car1\IMG\left_2019_07_22_10_06_03_654.jpg,D:\car1\IMG\right_2019_07_22_10_06_03_654.jpg,0,0,0,0.02622706
D:\car1\IMG\center_2019_07_22_10_06_03_801.jpg,D:\car1\IMG\left_2019_07_22_10_06_03_801.jpg,D:\car1\IMG\right_2019_07_22_10_06_03_801.jpg,0,0,0,0.02493712
D:\car1\IMG\center_2019_07_22_10_06_03_881.jpg,D:\car1\IMG\left_2019_07_22_10_06_03_881.jpg,D:\car1\IMG\right_2019_07_22_10_06_03_881.jpg,0,0,0,0.02513289
D:\car1\IMG\center_2019_07_22_10_06_03_972.jpg,D:\car1\IMG\left_2019_07_22_10_06_03_972.jpg,D:\car1\IMG\right_2019_07_22_10_06_03_972.jpg,0,0,0,0.02450146
D:\car1\IMG\center_2019_07_22_10_06_04_056.jpg,D:\car1\IMG\left_2019_07_22_10_06_04_056.jpg,D:\car1\IMG\right_2019_07_22_10_06_04_056.jpg,0,0,0,0.02455445
D:\car1\IMG\center_2019_07_22_10_06_04_152.jpg,D:\car1\IMG\left_2019_07_22_10_06_04_152.jpg,D:\car1\IMG\right_2019_07_22_10_06_04_152.jpg,0,0,0,0.02450348
D:\car1\IMG\center_2019_07_22_10_06_04_241.jpg,D:\car1\IMG\left_2019_07_22_10_06_04_241.jpg,D:\car1\IMG\right_2019_07_22_10_06_04_241.jpg,0,0,0,0.02315576
D:\car1\IMG\center_2019_07_22_10_06_05_033.jpg,D:\car1\IMG\left_2019_07_22_10_06_05_033.jpg,D:\car1\IMG\right_2019_07_22_10_06_05_033.jpg,0,0,0,0.02335159
